<?xml version="1.0" encoding="utf-8"?>
<clockskin>
	<drawable>
		<name>clock_skin_panel.png</name>
	</drawable>
	<drawable>
		<name>gear4.png</name>
		<rotate>3</rotate>
		<centerX>1</centerX>
		<centerY>-123</centerY>
		<direction>2</direction>
		<mulrotate>3</mulrotate>
	</drawable>
	<drawable>
		<name>gear2.png</name>
		<rotate>3</rotate>
		<direction>2</direction>
		<mulrotate>180</mulrotate>
	</drawable>
	<drawable>
		<name>gear1_1.png</name>
		<rotate>3</rotate>
		<centerX>13</centerX>
		<centerY>107</centerY>
		<mulrotate>3</mulrotate>
	</drawable>
	<drawable>
		<name>gear1.png</name>
		<rotate>3</rotate>
		<direction>2</direction>
		<centerX>-62</centerX>
		<centerY>95</centerY>
		<mulrotate>4</mulrotate>
	</drawable>
	<drawable>
		<name>gear3.png</name>
		<rotate>3</rotate>
		<centerX>-86</centerX>
		<centerY>-60</centerY>
		<direction>2</direction>
		<mulrotate>2</mulrotate>
	</drawable>
	<drawable>
		<name>day_array.xml</name>
		<arraytype>4</arraytype>
		<centerX>130</centerX>
		<centerY>-2</centerY>
	</drawable>
	<drawable>
		<name>rings2.png</name>
	</drawable>
	<drawable>
		<name>weekday_array.xml</name>
		<arraytype>5</arraytype>
		<centerX>-164</centerX>
	</drawable>
	<drawable>
		<name>clock_skin_fireSecond.png</name>
		<rotate>3</rotate>
	</drawable>
	<drawable>
		<name>clock_skin_second_mask.png</name>
	</drawable>
	<drawable>
		<name>clock_skin_hour_shadow.png</name>
		<rotate>8</rotate>
	</drawable>
	<drawable>
		<name>clock_skin_hour.png</name>
		<rotate>1</rotate>
		<direction>1</direction>
	</drawable>
	<drawable>
		<name>clock_skin_minutes_shadow.png</name>
		<rotate>9</rotate>
	</drawable>
	<drawable>
		<name>clock_skin_minutes.png</name>
		<rotate>2</rotate>
	</drawable>
<!--COMMENTED BY ClockSkinMaker
<metadata gui='rra' version='1.2.0.0'/>
Original by: janmleung
Modified by: smartwatchticks and AndrewSomers
-->
</clockskin>