<clockskin>
    <drawable>
        <name>image1.png</name>
    </drawable>
    <drawable>
        <rotate>1</rotate>
        <mulrotate>1</mulrotate>
        <centerX>-5</centerX>
        <centerY>-40</centerY>
        <name>image2.png</name>
    </drawable>
    <drawable>
        <rotate>2</rotate>
        <mulrotate>1</mulrotate>
        <centerX>-5</centerX>
        <centerY>-40</centerY>
        <name>image3.png</name>
    </drawable>
    <drawable>
        <arraytype>99</arraytype>
        <color>1</color>
        <centerX>83</centerX>
        <centerY>90</centerY>
    </drawable>
</clockskin>
