<?xml version="1.0" encoding="utf-8"?>
<drawables>
	<image>mon_jan.png</image>
	<image>mon_feb.png</image>
	<image>mon_mar.png</image>
	<image>mon_apr.png</image>
	<image>mon_may.png</image>
	<image>mon_jun.png</image>
	<image>mon_jul.png</image>
	<image>mon_aug.png</image>
	<image>mon_sep.png</image>
	<image>mon_oct.png</image>
	<image>mon_nov.png</image>
	<image>mon_dec.png</image>
<!--COMMENTED BY ClockSkinMaker
<metadata gui='rra' version='1.6.0.0' type='array_month' forecolor='FFFFFF' autoscale='1' font='Humnst777 Lt BT' fontstyle='Regular' fontsize='25,13912'>
<content>jan</content>
<content>feb</content>
<content>mar</content>
<content>apr</content>
<content>may</content>
<content>jun</content>
<content>jul</content>
<content>aug</content>
<content>sep</content>
<content>oct</content>
<content>nov</content>
<content>dec</content>
</metadata>
-->
</drawables>