<clockskin>
    <drawable>
        <name>image1.png</name>
    </drawable>
    <drawable>
        <name>digital1.xml</name>
        <arraytype>6</arraytype>
        <centerX>-768</centerX>
        <centerY>146</centerY>
    </drawable>
    <drawable>
        <name>digital1.xml</name>
        <arraytype>6</arraytype>
        <centerX>-368</centerX>
        <centerY>73</centerY>
    </drawable>
    <drawable>
        <name>digital1.xml</name>
        <arraytype>6</arraytype>
        <centerX>32</centerX>
        <centerY>0</centerY>
    </drawable>
    <drawable>
        <name>digital1.xml</name>
        <arraytype>6</arraytype>
        <centerX>432</centerX>
        <centerY>-73</centerY>
    </drawable>
    <drawable>
        <name>digital1.xml</name>
        <arraytype>6</arraytype>
        <centerX>832</centerX>
        <centerY>-146</centerY>
    </drawable>
    <drawable>
        <name>digital2.xml</name>
        <arraytype>9</arraytype>
        <centerX>137</centerX>
        <centerY>0</centerY>
    </drawable>
    <drawable>
        <name>digital3.xml</name>
        <arraytype>1</arraytype>
        <centerX>-1884</centerX>
        <centerY>-132</centerY>
    </drawable>
    <drawable>
        <name>digital3.xml</name>
        <arraytype>1</arraytype>
        <centerX>-1484</centerX>
        <centerY>-102</centerY>
    </drawable>
    <drawable>
        <name>digital3.xml</name>
        <arraytype>1</arraytype>
        <centerX>-1084</centerX>
        <centerY>-72</centerY>
    </drawable>
    <drawable>
        <name>digital3.xml</name>
        <arraytype>1</arraytype>
        <centerX>-684</centerX>
        <centerY>-42</centerY>
    </drawable>
    <drawable>
        <name>digital3.xml</name>
        <arraytype>1</arraytype>
        <centerX>-284</centerX>
        <centerY>-12</centerY>
    </drawable>
    <drawable>
        <name>digital3.xml</name>
        <arraytype>1</arraytype>
        <centerX>116</centerX>
        <centerY>18</centerY>
    </drawable>
    <drawable>
        <name>digital3.xml</name>
        <arraytype>1</arraytype>
        <centerX>516</centerX>
        <centerY>48</centerY>
    </drawable>
    <drawable>
        <name>digital3.xml</name>
        <arraytype>1</arraytype>
        <centerX>916</centerX>
        <centerY>78</centerY>
    </drawable>
    <drawable>
        <name>digital3.xml</name>
        <arraytype>1</arraytype>
        <centerX>1316</centerX>
        <centerY>108</centerY>
    </drawable>
    <drawable>
        <name>digital3.xml</name>
        <arraytype>1</arraytype>
        <centerX>1716</centerX>
        <centerY>138</centerY>
    </drawable>
    <drawable>
        <name>digital4.xml</name>
        <arraytype>14</arraytype>
        <centerX>-544</centerX>
        <centerY>-19</centerY>
    </drawable>
    <drawable>
        <name>digital4.xml</name>
        <arraytype>14</arraytype>
        <centerX>-144</centerX>
        <centerY>11</centerY>
    </drawable>
    <drawable>
        <name>digital4.xml</name>
        <arraytype>14</arraytype>
        <centerX>256</centerX>
        <centerY>41</centerY>
    </drawable>
    <drawable>
        <name>image2.png</name>
    </drawable>
</clockskin>
