<clockskin>
    <drawable>
        <name>image1.png</name>
    </drawable>
    <drawable>
        <name>digital1.xml</name>
        <arraytype>50</arraytype>
        <centerX>-100</centerX>
        <centerY>-50</centerY>
    </drawable>
    <drawable>
        <name>digital2.xml</name>
        <arraytype>51</arraytype>
        <centerX>100</centerX>
        <centerY>-50</centerY>
    </drawable>
    <drawable>
        <name>digital3.xml</name>
        <arraytype>55</arraytype>
        <centerX>0</centerX>
        <centerY>100</centerY>
    </drawable>
</clockskin>
<!-- Created on WatchFace Designer -->
<!-- Exported for Android 7.1+ Stock ClockSkin Engine -->
