<?xml version="1.0" encoding="utf-8"?>
<clockskin>
	<drawable>
		<name>MATVEYAN4.png</name>
	</drawable>
	<drawable>
		<name>MATVEYAN.png</name>
	</drawable>
	<drawable>
		<name>sek.xml</name>
		<arraytype>9</arraytype>
		<centerX>-200</centerX>
	</drawable>
	<drawable>
		<name>MATVEYAN3.png</name>
	</drawable>
	<drawable>
		<name>ura_1.xml</name>
		<arraytype>7</arraytype>
		<centerX>95</centerX>
		<centerY>-29</centerY>
	</drawable>
	<drawable>
		<name>ura.xml</name>
		<arraytype>8</arraytype>
		<centerX>95</centerX>
		<centerY>30</centerY>
	</drawable>
	<drawable>
		<name>kor_1.xml</name>
		<arraytype>12</arraytype>
		<centerX>-7</centerX>
		<centerY>-92</centerY>
	</drawable>
	<drawable>
		<name>KM.xml</name>
		<arraytype>60</arraytype>
		<centerX>70</centerX>
		<centerY>-78</centerY>
	</drawable>
	<drawable>
		<name>bat.xml</name>
		<arraytype>14</arraytype>
		<centerX>-21</centerX>
		<centerY>86</centerY>
	</drawable>
	<drawable>
		<name>digital1.xml</name>
		<arraytype>4</arraytype>
		<centerX>-281</centerX>
		<centerY>-98</centerY>
	</drawable>
	<drawable>
		<name>digital1_1.xml</name>
		<arraytype>4</arraytype>
		<centerX>101</centerX>
		<centerY>-78</centerY>
	</drawable>
	<drawable>
		<name>digital11.xml</name>
		<arraytype>10</arraytype>
		<centerX>38</centerX>
		<centerY>84</centerY>
	</drawable>
	<drawable>
		<name>digital5.xml</name>
		<arraytype>11</arraytype>
		<centerX>81</centerX>
		<centerY>78</centerY>
	</drawable>
	<drawable>
		<name>tedn.xml</name>
		<arraytype>5</arraytype>
		<centerX>11</centerX>
		<centerY>49</centerY>
	</drawable>
	<drawable>
		<name>mes.xml</name>
		<arraytype>3</arraytype>
	</drawable>
	<drawable>
		<name>digital16.xml</name>
		<arraytype>13</arraytype>
	</drawable>
	<drawable>
		<name>kor.xml</name>
		<arraytype>13</arraytype>
		<centerX>32</centerX>
		<centerY>-44</centerY>
	</drawable>
	<drawable>
		<name>digital14.xml</name>
		<arraytype>61</arraytype>
	</drawable>
	<drawable>
		<name>digital8.xml</name>
		<arraytype>12</arraytype>
	</drawable>
	<drawable>
		<name>digital9.xml</name>
		<arraytype>12</arraytype>
		<centerX>400</centerX>
	</drawable> 
         <drawable>
		<name>OUT.xml</name>
		<arraytype>80</arraytype>        
	</drawable>
	 <drawable>
		<name>HR.xml</name>
        <arraytype>81</arraytype>
		<mulrotate>1</mulrotate>
                <centerX>0</centerX>
		<centerY>0</centerY>
	</drawable>
	<drawable>
		<name>MIN.xml</name>
        <arraytype>82</arraytype>
		<mulrotate>1</mulrotate> 
                <centerX>0</centerX>
		<centerY>0</centerY>
	</drawable>
        <drawable>
		<name>SEC.xml</name>
		<arraytype>83</arraytype> 
		<mulrotate>1</mulrotate>
	</drawable> 
        <drawable>
        <arraytype>100</arraytype>
        <centerX>47</centerX>
        <centerY>85</centerY>
        <range>40</range>
        <cls>com.android.watchweather.WeatherActivity</cls>
	<pkg>com.android.watchweather</pkg>
    </drawable>
<!--COMMENTED BY ClockSkinMaker
<metadata gui='rra' version='2.0.0.2'/>
-->
</clockskin>