<?xml version="1.0" encoding="utf-8"?>
<drawables>
	<image>tedn_sun.png</image>
	<image>tedn_mon.png</image>
	<image>tedn_tue.png</image>
	<image>tedn_wed.png</image>
	<image>tedn_thu.png</image>
	<image>tedn_fri.png</image>
	<image>tedn_sat.png</image>
<!--COMMENTED BY ClockSkinMaker
<metadata gui='rra' version='2.0.0.2' type='array_weekday' forecolor='C0C0C0' autoscale='1' font='Orbitron' fontstyle='Bold' fontsize='18,61812'>
<content>SUN</content>
<content>MON</content>
<content>TUE</content>
<content>WEN</content>
<content>THU</content>
<content>FRI</content>
<content>SAT</content>
</metadata>
-->
</drawables>