<clockskin>
    <drawable>
        <name>image1.png</name>
    </drawable>
    <drawable>
        <name>digital1.xml</name>
        <arraytype>6</arraytype>
        <centerX>-3</centerX>
        <centerY>-76</centerY>
    </drawable>
    <drawable>
        <name>digital2.xml</name>
        <arraytype>14</arraytype>
        <centerX>1</centerX>
        <centerY>151</centerY>
    </drawable>
    <drawable>
        <name>digital3.xml</name>
        <arraytype>14</arraytype>
        <centerX>401</centerX>
        <centerY>151</centerY>
    </drawable>
    <drawable>
        <name>digital4.xml</name>
        <arraytype>14</arraytype>
        <centerX>801</centerX>
        <centerY>151</centerY>
    </drawable>
    <drawable>
        <name>digital5.xml</name>
        <arraytype>2</arraytype>
        <centerX>-150</centerX>
        <centerY>19</centerY>
    </drawable>
    <drawable>
        <name>digital6.xml</name>
        <arraytype>5</arraytype>
        <centerX>-120</centerX>
        <centerY>43</centerY>
    </drawable>
    <drawable>
        <name>digital7.xml</name>
        <arraytype>50</arraytype>
        <centerX>149</centerX>
        <centerY>104</centerY>
    </drawable>
    <drawable>
        <name>digital8.xml</name>
        <arraytype>51</arraytype>
        <centerX>167</centerX>
        <centerY>63</centerY>
    </drawable>
    <drawable>
        <name>image2.png</name>
    </drawable>
    <drawable>
        <arraytype>100</arraytype>
        <centerX>0</centerX>
        <centerY>-176</centerY>
        <range>35</range>
        <cls>com.google.android.apps.googleassistant.AssistantActivity</cls>
        <pkg>com.google.android.apps.googleassistant</pkg>
    </drawable>
    <drawable>
        <arraytype>100</arraytype>
        <range>40</range>
        <cls>com.android.systemui.settings.BrightnessDialog</cls>
        <pkg>com.android.systemui</pkg>
    </drawable>
    <drawable>
        <arraytype>100</arraytype>
        <centerX>-149</centerX>
        <centerY>33</centerY>
        <range>40</range>
        <cls>com.android.calendar.AllInOneActivity</cls>
        <pkg>com.google.android.calendar</pkg>
    </drawable>
    <drawable>
        <arraytype>100</arraytype>
        <centerX>145</centerX>
        <centerY>55</centerY>
        <range>35</range>
        <cls>com.google.android.apps.messaging.ui.ConversationListActivity</cls>
        <pkg>com.google.android.apps.messaging</pkg>
    </drawable>
    <drawable>
        <arraytype>100</arraytype>
        <centerX>128</centerX>
        <centerY>109</centerY>
        <range>35</range>
        <cls>com.google.android.dialer.extensions.GoogleDialtactsActivity</cls>
        <pkg>com.google.android.dialer</pkg>
    </drawable>
    <drawable>
        <arraytype>100</arraytype>
        <centerX>0</centerX>
        <centerY>149</centerY>
        <range>40</range>
        <cls>com.android.settings.Settings$PowerUsageSummaryActivity</cls>
        <pkg>com.android.settings</pkg>
    </drawable>
</clockskin>
<!-- Created on WatchFace Designer 0.14.2 beta -->
<!-- Exported for Android 7.1+ Stock ClockSkin Engine -->
