<?xml version="1.0" encoding="utf-8"?>
<clockskin>
	<drawable>
		<name>0000.png</name>
	</drawable>
	<drawable>
		<name>week.xml</name>
		<arraytype>5</arraytype>
	</drawable>
	<drawable>
		<name>h.xml</name>
		<arraytype>7</arraytype>
		<centerX>-87</centerX>
	</drawable>
	<drawable>
		<name>h.xml</name>
		<arraytype>8</arraytype>
		<centerX>87</centerX>
	</drawable>
	<drawable>
		<name>d_1.xml</name>
		<arraytype>2</arraytype>
		<centerY>-65</centerY>
	</drawable>
	<drawable>
		<name>d_2_1.xml</name>
		<arraytype>12</arraytype>
		<centerY>79</centerY>
	</drawable>
	<drawable>
		<name>d.xml</name>
		<arraytype>14</arraytype>
		<centerY>29</centerY>
	</drawable>
	<drawable>
		<name>d_2.xml</name>
		<arraytype>13</arraytype>
		<centerY>-31</centerY>
	</drawable>
	<drawable>
		<name>h.png</name>
		<rotate>1</rotate>
	</drawable>
	<drawable>
		<name>m.png</name>
		<rotate>2</rotate>
	</drawable>
	<drawable>
		<name>s.png</name>
		<rotate>3</rotate>
	</drawable>
<!--COMMENTED BY ClockSkinMaker
<metadata gui='rra' version='1.4.0.0'/>
-->
</clockskin>