<clockskin>
    <drawable>
        <name>image1.png</name>
    </drawable>
    <drawable>
        <rotate>3</rotate>
        <direction>2</direction>
        <mulrotate>1</mulrotate>
        <name>image2.png</name>
    </drawable>
    <drawable>
        <rotate>3</rotate>
        <direction>1</direction>
        <mulrotate>2</mulrotate>
        <name>image3.png</name>
    </drawable>
    <drawable>
        <rotate>3</rotate>
        <direction>1</direction>
        <mulrotate>1</mulrotate>
        <centerX>4</centerX>
        <centerY>-19</centerY>
        <name>image4.png</name>
    </drawable>
    <drawable>
        <rotate>13</rotate>
        <rotatemode>3</rotatemode>
        <startAngle>0</startAngle>
        <angle>355</angle>
        <direction>1</direction>
        <mulrotate>3</mulrotate>
        <centerX>-55</centerX>
        <centerY>91</centerY>
        <name>image5.png</name>
    </drawable>
    <drawable>
        <rotate>3</rotate>
        <direction>2</direction>
        <mulrotate>1</mulrotate>
        <centerX>75</centerX>
        <centerY>-69</centerY>
        <name>image6.png</name>
    </drawable>
    <drawable>
        <rotate>13</rotate>
        <rotatemode>3</rotatemode>
        <startAngle>0</startAngle>
        <angle>345</angle>
        <direction>2</direction>
        <mulrotate>2</mulrotate>
        <centerX>30</centerX>
        <centerY>-75</centerY>
        <name>image7.png</name>
    </drawable>
    <drawable>
        <rotate>13</rotate>
        <rotatemode>3</rotatemode>
        <startAngle>0</startAngle>
        <angle>368</angle>
        <direction>1</direction>
        <mulrotate>1</mulrotate>
        <centerX>35</centerX>
        <centerY>67</centerY>
        <name>image8.png</name>
    </drawable>
    <drawable>
        <rotate>13</rotate>
        <rotatemode>3</rotatemode>
        <startAngle>0</startAngle>
        <angle>350</angle>
        <direction>1</direction>
        <mulrotate>3</mulrotate>
        <centerX>-24</centerX>
        <centerY>59</centerY>
        <name>image9.png</name>
    </drawable>
    <drawable>
        <rotate>13</rotate>
        <rotatemode>3</rotatemode>
        <startAngle>0</startAngle>
        <angle>365</angle>
        <direction>1</direction>
        <mulrotate>3</mulrotate>
        <centerX>-54</centerX>
        <centerY>-89</centerY>
        <name>image10.png</name>
    </drawable>
    <drawable>
        <rotate>13</rotate>
        <rotatemode>3</rotatemode>
        <startAngle>0</startAngle>
        <angle>352</angle>
        <direction>1</direction>
        <mulrotate>3</mulrotate>
        <centerX>-95</centerX>
        <centerY>10</centerY>
        <name>image11.png</name>
    </drawable>
    <drawable>
        <rotate>1</rotate>
        <direction>1</direction>
        <mulrotate>1</mulrotate>
        <name>image12.png</name>
    </drawable>
    <drawable>
        <rotate>3</rotate>
        <direction>1</direction>
        <mulrotate>1</mulrotate>
        <name>image13.png</name>
    </drawable>
    <drawable>
        <rotate>2</rotate>
        <direction>1</direction>
        <mulrotate>1</mulrotate>
        <centerX>0</centerX>
        <centerY>1</centerY>
        <name>image14.png</name>
    </drawable>
    <drawable>
        <name>image15.png</name>
    </drawable>
    <drawable>
        <name>digital1.xml</name>
        <arraytype>9</arraytype>
        <centerX>-200</centerX>
        <centerY>0</centerY>
    </drawable>
    <drawable>
        <name>digital2.xml</name>
        <arraytype>9</arraytype>
        <centerX>200</centerX>
        <centerY>0</centerY>
    </drawable>
    <drawable>
        <rotate>3</rotate>
        <direction>2</direction>
        <mulrotate>3</mulrotate>
        <name>image16.png</name>
    </drawable>
    <drawable>
        <name>image17.png</name>
    </drawable>
</clockskin>
<!-- Created on WatchFace Designer 0.14.2 beta -->
<!-- Exported for Android 7.1+ Stock ClockSkin Engine -->
