<clockskin>
    <drawable>
        <name>image1.png</name>
    </drawable>
    <drawable>
        <name>digital1.xml</name>
        <arraytype>9</arraytype>
        <centerX>33</centerX>
        <centerY>3</centerY>
    </drawable>
    <drawable>
        <name>digital2.xml</name>
        <arraytype>7</arraytype>
        <centerX>-142</centerX>
        <centerY>-17</centerY>
    </drawable>
    <drawable>
        <name>digital3.xml</name>
        <arraytype>61</arraytype>
        <centerX>64</centerX>
        <centerY>-36</centerY>
    </drawable>
    <drawable>
        <arraytype>99</arraytype>
        <centerX>100</centerX>
        <centerY>4</centerY>
    </drawable>
    <drawable>
        <name>digital4.xml</name>
        <arraytype>8</arraytype>
        <centerX>-39</centerX>
        <centerY>-17</centerY>
    </drawable>
    <drawable>
        <rotate>2</rotate>
        <direction>1</direction>
        <mulrotate>1</mulrotate>
        <centerX>4</centerX>
        <centerY>113</centerY>
        <name>image2.png</name>
    </drawable>
    <drawable>
        <rotate>1</rotate>
        <direction>1</direction>
        <mulrotate>1</mulrotate>
        <centerX>4</centerX>
        <centerY>112</centerY>
        <name>image3.png</name>
    </drawable>
    <drawable>
        <name>image4.png</name>
    </drawable>
    <drawable>
        <arraytype>100</arraytype>
        <centerX>-126</centerX>
        <centerY>75</centerY>
        <range>53</range>
        <cls>com.android.settings.Settings</cls>
        <pkg>com.android.settings</pkg>
    </drawable>
    <drawable>
        <name>image5.png</name>
    </drawable>
    <drawable>
        <arraytype>100</arraytype>
        <centerX>130</centerX>
        <centerY>71</centerY>
        <range>48</range>
        <cls>com.google.android.maps.MapsActivity</cls>
        <pkg>com.google.android.apps.maps</pkg>
    </drawable>
    <drawable>
        <rotate>3</rotate>
        <direction>1</direction>
        <mulrotate>1</mulrotate>
        <centerX>3</centerX>
        <centerY>114</centerY>
        <name>image6.png</name>
    </drawable>
    <drawable>
        <name>image7.png</name>
    </drawable>
    <drawable>
        <name>digital5.xml</name>
        <arraytype>1</arraytype>
        <centerX>-72</centerX>
        <centerY>-65</centerY>
    </drawable>
    <drawable>
        <name>digital6.xml</name>
        <arraytype>5</arraytype>
        <centerX>84</centerX>
        <centerY>-65</centerY>
    </drawable>
    <drawable>
        <name>digital7.xml</name>
        <arraytype>10</arraytype>
        <centerX>-49</centerX>
        <centerY>-125</centerY>
    </drawable>
    <drawable>
        <name>digital8.xml</name>
        <arraytype>10</arraytype>
        <centerX>-132</centerX>
        <centerY>-92</centerY>
    </drawable>
    <drawable>
        <name>digital9.xml</name>
        <arraytype>11</arraytype>
        <centerX>-133</centerX>
        <centerY>-117</centerY>
    </drawable>
    <drawable>
        <name>digital10.xml</name>
        <arraytype>19</arraytype>
        <centerX>75</centerX>
        <centerY>-135</centerY>
    </drawable>
    <drawable>
        <name>digital11.xml</name>
        <arraytype>19</arraytype>
        <centerX>117</centerX>
        <centerY>-98</centerY>
    </drawable>
    <drawable>
        <name>digital12.xml</name>
        <arraytype>6</arraytype>
        <centerX>-877</centerX>
        <centerY>-24</centerY>
    </drawable>
    <drawable>
        <name>digital12.xml</name>
        <arraytype>6</arraytype>
        <centerX>-478</centerX>
        <centerY>-24</centerY>
    </drawable>
    <drawable>
        <name>digital12.xml</name>
        <arraytype>6</arraytype>
        <centerX>-90</centerX>
        <centerY>-24</centerY>
    </drawable>
    <drawable>
        <name>digital12.xml</name>
        <arraytype>6</arraytype>
        <centerX>297</centerX>
        <centerY>-24</centerY>
    </drawable>
    <drawable>
        <name>digital12.xml</name>
        <arraytype>6</arraytype>
        <centerX>696</centerX>
        <centerY>-24</centerY>
    </drawable>
    <drawable>
        <name>digital13.xml</name>
        <arraytype>14</arraytype>
        <centerX>148</centerX>
        <centerY>-36</centerY>
    </drawable>
</clockskin>
<!-- Created on WatchFace Designer 0.14.2 beta -->
<!-- Exported for Android 7.1+ Stock ClockSkin Engine -->
