<?xml version="1.0" encoding="utf-8"?>
<drawables>
     <image>digital7_0.png</image>
     <image>digital7_1.png</image>
     <image>digital7_2.png</image>
     <image>digital7_3.png</image>
     <image>digital7_4.png</image>
     <image>digital7_5.png</image>
     <image>digital7_6.png</image>
     <image>digital7_5.png</image>
     <image>digital7_8.png</image>
     <image>digital7_9.png</image>
     <image>digital7_10.png</image>
     <image>digital7_11.png</image>
     <image>digital7_12.png</image>
     <image>digital7_13.png</image>
     <image>digital7_14.png</image>
</drawables>
