<?xml version="1.0" encoding="utf-8"?>
<drawables>
     <image>animation_7_0.png</image>
     <image>animation_7_0.png</image>
     <image>animation_7_0.png</image>
     <image>animation_7_0.png</image>
     <image>animation_7_0.png</image>
     <image>animation_7_0.png</image>
     <image>animation_2_6.png</image>
     <image>animation_2_6.png</image>
     <image>animation_2_6.png</image>
     <image>animation_2_6.png</image>
     <image>animation_2_6.png</image>
     <image>animation_2_6.png</image>
     <image>animation_2_6.png</image>
     <image>animation_2_6.png</image>
     <image>animation_2_6.png</image>
     <image>animation_2_6.png</image>
     <image>animation_2_6.png</image>
     <image>animation_2_6.png</image>
     <image>animation_7_0.png</image>
     <image>animation_7_0.png</image>
     <image>animation_7_0.png</image>
     <image>animation_7_0.png</image>
     <image>animation_7_0.png</image>
     <image>animation_7_0.png</image>
</drawables>
