<?xml version="1.0" encoding="utf-8"?>
<drawables>
     <image>animation_5_0.png</image>
     <image>animation_5_0.png</image>
     <image>animation_5_0.png</image>
     <image>animation_5_0.png</image>
     <image>animation_5_4.png</image>
     <image>animation_5_5.png</image>
     <image>animation_2_6.png</image>
     <image>animation_2_6.png</image>
     <image>animation_2_6.png</image>
     <image>animation_2_6.png</image>
     <image>animation_2_6.png</image>
     <image>animation_2_6.png</image>
     <image>animation_2_6.png</image>
     <image>animation_2_6.png</image>
     <image>animation_2_6.png</image>
     <image>animation_2_6.png</image>
     <image>animation_2_6.png</image>
     <image>animation_2_6.png</image>
     <image>animation_5_5.png</image>
     <image>animation_5_4.png</image>
     <image>animation_5_0.png</image>
     <image>animation_5_0.png</image>
     <image>animation_5_0.png</image>
     <image>animation_5_0.png</image>
</drawables>
