<clockskin>
    <drawable>
        <name>image1.png</name>
    </drawable>
    <drawable>
        <name>digital1.xml</name>
        <arraytype>14</arraytype>
        <centerX>401</centerX>
        <centerY>14</centerY>
    </drawable>
    <drawable>
        <name>digital2.xml</name>
        <arraytype>14</arraytype>
        <centerX>801</centerX>
        <centerY>14</centerY>
    </drawable>
    <drawable>
        <name>image2.png</name>
    </drawable>
    <drawable>
        <rotate>4</rotate>
        <direction>1</direction>
        <mulrotate>1</mulrotate>
        <centerX>-92</centerX>
        <centerY>50</centerY>
        <name>image3.png</name>
    </drawable>
    <drawable>
        <name>image4.png</name>
    </drawable>
    <drawable>
        <rotate>5</rotate>
        <direction>1</direction>
        <mulrotate>1</mulrotate>
        <centerX>92</centerX>
        <centerY>50</centerY>
        <name>image3.png</name>
    </drawable>
    <drawable>
        <name>image6.png</name>
    </drawable>
    <drawable>
        <name>digital3.xml</name>
        <arraytype>4</arraytype>
        <centerX>0</centerX>
        <centerY>-114</centerY>
    </drawable>
    <drawable>
        <name>digital4.xml</name>
        <arraytype>6</arraytype>
        <centerX>0</centerX>
        <centerY>-49</centerY>
    </drawable>
    <drawable>
        <name>digital5.xml</name>
        <arraytype>6</arraytype>
        <centerX>0</centerX>
        <centerY>-53</centerY>
    </drawable>
    <drawable>
        <name>image7.png</name>
    </drawable>
    <drawable>
        <rotate>3</rotate>
        <direction>1</direction>
        <mulrotate>1</mulrotate>
        <centerX>1</centerX>
        <centerY>2</centerY>
        <name>image8.png</name>
    </drawable>
    <drawable>
        <name>image9.png</name>
    </drawable>
    <drawable>
        <rotate>1</rotate>
        <direction>1</direction>
        <mulrotate>1</mulrotate>
        <centerX>5</centerX>
        <centerY>3</centerY>
        <name>image10.png</name>
    </drawable>
    <drawable>
        <rotate>1</rotate>
        <direction>1</direction>
        <mulrotate>1</mulrotate>
        <name>image11.png</name>
    </drawable>
    <drawable>
        <rotate>2</rotate>
        <direction>1</direction>
        <mulrotate>1</mulrotate>
        <centerX>5</centerX>
        <centerY>3</centerY>
        <name>image12.png</name>
    </drawable>
    <drawable>
        <rotate>2</rotate>
        <direction>1</direction>
        <mulrotate>1</mulrotate>
        <name>image13.png</name>
    </drawable>
    <drawable>
        <rotate>3</rotate>
        <direction>1</direction>
        <mulrotate>1</mulrotate>
        <centerX>3</centerX>
        <centerY>2</centerY>
        <name>image14.png</name>
    </drawable>
    <drawable>
        <rotate>3</rotate>
        <direction>1</direction>
        <mulrotate>1</mulrotate>
        <name>image15.png</name>
    </drawable>
    <drawable>
        <rotate>3</rotate>
        <direction>1</direction>
        <mulrotate>1</mulrotate>
        <name>image16.png</name>
    </drawable>
    <drawable>
        <name>image17.png</name>
    </drawable>
</clockskin>
<!-- Created on WatchFace Designer 0.14.2 beta -->
<!-- Exported for Android 7.1+ Stock ClockSkin Engine -->
