<clockskin>
    <drawable>
        <name>image1.png</name>
    </drawable>
    <drawable>
        <rotate>3</rotate>
        <mulrotate>1</mulrotate>
        <centerX>-3</centerX>
        <centerY>-58</centerY>
        <name>image2.png</name>
    </drawable>
    <drawable>
        <name>image3.png</name>
    </drawable>
    <drawable>
        <name>digital1.xml</name>
        <arraytype>14</arraytype>
        <centerX>-67</centerX>
        <centerY>44</centerY>
    </drawable>
    <drawable>
        <name>image4.png</name>
    </drawable>
    <drawable>
        <name>digital2.xml</name>
        <arraytype>14</arraytype>
        <centerX>-86</centerX>
        <centerY>-76</centerY>
    </drawable>
    <drawable>
        <rotate>6</rotate>
        <mulrotate>1</mulrotate>
        <centerX>-101</centerX>
        <centerY>-87</centerY>
        <name>image5.png</name>
    </drawable>
    <drawable>
        <name>digital3.xml</name>
        <arraytype>9</arraytype>
        <centerX>-2</centerX>
        <centerY>-155</centerY>
    </drawable>
    <drawable>
        <name>digital4.xml</name>
        <arraytype>7</arraytype>
        <centerX>1</centerX>
        <centerY>-107</centerY>
    </drawable>
    <drawable>
        <name>digital5.xml</name>
        <arraytype>8</arraytype>
        <centerX>0</centerX>
        <centerY>-55</centerY>
    </drawable>
    <drawable>
        <name>digital6.xml</name>
        <arraytype>6</arraytype>
        <centerX>44</centerX>
        <centerY>-50</centerY>
    </drawable>
    <drawable>
        <name>digital7.xml</name>
        <arraytype>5</arraytype>
        <centerX>97</centerX>
        <centerY>-87</centerY>
    </drawable>
    <drawable>
        <name>image6.png</name>
    </drawable>
    <drawable>
        <rotate>2</rotate>
        <mulrotate>1</mulrotate>
        <centerX>0</centerX>
        <centerY>67</centerY>
        <name>image7.png</name>
    </drawable>
    <drawable>
        <name>digital8.xml</name>
        <arraytype>12</arraytype>
        <centerX>2</centerX>
        <centerY>-4</centerY>
    </drawable>
    <drawable>
        <name>image8.png</name>
    </drawable>
    <drawable>
        <rotate>3</rotate>
        <mulrotate>77</mulrotate>
        <centerX>-89</centerX>
        <centerY>136</centerY>
        <name>image9.png</name>
    </drawable>
    <drawable>
        <name>image10.png</name>
    </drawable>
    <drawable>
        <name>digital9.xml</name>
        <arraytype>3</arraytype>
        <centerX>0</centerX>
        <centerY>145</centerY>
    </drawable>
    <drawable>
        <name>image11.png</name>
    </drawable>
</clockskin>
