<?xml version="1.0" encoding="utf-8"?>
<clockskin>
	<drawable>
		<name>mo2.png</name>
	</drawable>
	<drawable>
		<name>hourmin.xml</name>
		<arraytype>6</arraytype>
		<centerY>-113</centerY>
	</drawable>
	<drawable>
		<name>weekday.xml</name>
		<arraytype>5</arraytype>
		<centerY>-46</centerY>
	</drawable>
	<drawable>
		<name>steps.xml</name>
		<arraytype>12</arraytype>
		<centerX>27</centerX>
		<centerY>135</centerY>
	</drawable>
	<drawable>
		<name>heartrate.xml</name>
		<arraytype>13</arraytype>
		<centerX>111</centerX>
		<centerY>134</centerY>
	</drawable>
	<drawable>
		<name>temp.xml</name>
		<arraytype>11</arraytype>
		<centerX>30</centerX>
		<centerY>78</centerY>
	</drawable>
	<drawable>
		<name>batt.xml</name>
		<arraytype>14</arraytype>
		<centerX>106</centerX>
		<centerY>68</centerY>
	</drawable>
	<drawable>
		<name>zar.png</name>
		<centerX>14</centerX>
		<centerY>3</centerY>
	</drawable>
	<drawable>
		<name>mon.xml</name>
		<arraytype>3</arraytype>
		<centerX>-57</centerX>
		<centerY>-12</centerY>
	</drawable>
	<drawable>
		<name>day.xml</name>
		<arraytype>4</arraytype>
		<centerX>-8</centerX>
		<centerY>-8</centerY>
	</drawable>
	<drawable>
		<name>year.xml</name>
		<arraytype>16</arraytype>
		<centerX>54</centerX>
		<centerY>-8</centerY>
	</drawable>
	<drawable>
		<name>weather_array.xml</name>
		<arraytype>10</arraytype>
		<centerX>-93</centerX>
		<centerY>93</centerY>
	</drawable>
<!--COMMENTED BY ClockSkinMaker
<metadata gui='rra' version='1.6.0.0'/>
-->
</clockskin>