<clockskin>
    <drawable>
        <name>image1.png</name>
    </drawable>
    <drawable>
        <name>digital1.xml</name>
        <arraytype>14</arraytype>
    </drawable>
    <drawable>
        <name>digital2.xml</name>
        <arraytype>14</arraytype>
        <centerX>400</centerX>
        <centerY>0</centerY>
    </drawable>
    <drawable>
        <name>digital3.xml</name>
        <arraytype>14</arraytype>
        <centerX>800</centerX>
        <centerY>0</centerY>
    </drawable>
    <drawable>
        <name>image2.png</name>
    </drawable>
    <drawable>
        <name>digital4.xml</name>
        <arraytype>9</arraytype>
        <centerX>32</centerX>
        <centerY>-159</centerY>
    </drawable>
    <drawable>
        <name>image3.png</name>
    </drawable>
    <drawable>
        <rotate>4</rotate>
        <direction>1</direction>
        <mulrotate>1</mulrotate>
        <centerX>32</centerX>
        <centerY>-46</centerY>
        <name>image4.png</name>
    </drawable>
    <drawable>
        <name>image5.png</name>
    </drawable>
    <drawable>
        <name>digital5.xml</name>
        <arraytype>4</arraytype>
        <centerX>-140</centerX>
        <centerY>5</centerY>
    </drawable>
    <drawable>
        <name>digital6.xml</name>
        <arraytype>5</arraytype>
        <centerX>-140</centerX>
        <centerY>-68</centerY>
    </drawable>
    <drawable>
        <rotate>1</rotate>
        <direction>1</direction>
        <mulrotate>1</mulrotate>
        <centerX>32</centerX>
        <centerY>-46</centerY>
        <name>image6.png</name>
    </drawable>
    <drawable>
        <rotate>2</rotate>
        <direction>1</direction>
        <mulrotate>1</mulrotate>
        <centerX>32</centerX>
        <centerY>-46</centerY>
        <name>image7.png</name>
    </drawable>
    <drawable>
        <name>image8.png</name>
    </drawable>
    <drawable>
        <name>digital7.xml</name>
        <arraytype>12</arraytype>
        <centerX>32</centerX>
        <centerY>-132</centerY>
    </drawable>
    <drawable>
        <name>digital8.xml</name>
        <arraytype>13</arraytype>
        <centerX>32</centerX>
        <centerY>-112</centerY>
    </drawable>
    <drawable>
        <name>image9.png</name>
    </drawable>
    <drawable>
        <name>digital9.xml</name>
        <arraytype>14</arraytype>
        <centerX>-126</centerX>
        <centerY>-128</centerY>
    </drawable>
</clockskin>
<!-- Created on WatchFace Designer 0.14.2 beta -->
<!-- Exported for Android 7.1+ Stock ClockSkin Engine -->
