<clockskin>
    <drawable>
        <name>image1.png</name>
    </drawable>
    <drawable>
        <name>digital1.xml</name>
        <arraytype>6</arraytype>
        <centerX>-3</centerX>
        <centerY>107</centerY>
    </drawable>
    <drawable>
        <name>image2.png</name>
    </drawable>
    <drawable>
        <rotate>6</rotate>
        <mulrotate>2</mulrotate>
        <centerX>-79</centerX>
        <centerY>-63</centerY>
        <name>image3.png</name>
    </drawable>
    <drawable>
        <rotate>10</rotate>
        <mulrotate>1</mulrotate>
        <movement>1</movement>
        <centerX>73</centerX>
        <centerY>-63</centerY>
        <name>image4.png</name>
    </drawable>
    <drawable>
        <arraytype>99</arraytype>
        <color>1</color>
        <centerX>-25</centerX>
        <centerY>-155</centerY>
    </drawable>
</clockskin>
