<clockskin>
    <drawable>
        <rotate>3</rotate>
        <direction>1</direction>
        <mulrotate>20</mulrotate>
        <name>image1.png</name>
    </drawable>
    <drawable>
        <rotate>3</rotate>
        <direction>1</direction>
        <mulrotate>20</mulrotate>
        <name>image2.png</name>
    </drawable>
    <drawable>
        <rotate>3</rotate>
        <direction>1</direction>
        <mulrotate>20</mulrotate>
        <name>image3.png</name>
    </drawable>
    <drawable>
        <rotate>3</rotate>
        <direction>1</direction>
        <mulrotate>20</mulrotate>
        <name>image4.png</name>
    </drawable>
    <drawable>
        <rotate>3</rotate>
        <direction>1</direction>
        <mulrotate>20</mulrotate>
        <name>image5.png</name>
    </drawable>
    <drawable>
        <rotate>3</rotate>
        <direction>1</direction>
        <mulrotate>20</mulrotate>
        <name>image6.png</name>
    </drawable>
    <drawable>
        <rotate>3</rotate>
        <direction>1</direction>
        <mulrotate>20</mulrotate>
        <name>image7.png</name>
    </drawable>
    <drawable>
        <rotate>3</rotate>
        <direction>1</direction>
        <mulrotate>20</mulrotate>
        <name>image8.png</name>
    </drawable>
    <drawable>
        <rotate>13</rotate>
        <rotatemode>3</rotatemode>
        <startAngle>0</startAngle>
        <angle>11</angle>
        <direction>1</direction>
        <mulrotate>1</mulrotate>
        <centerX>-301</centerX>
        <centerY>509</centerY>
        <name>image9.png</name>
    </drawable>
    <drawable>
        <name>image10.png</name>
    </drawable>
    <drawable>
        <name>digital1.xml</name>
        <arraytype>19</arraytype>
        <centerX>-132</centerX>
        <centerY>15</centerY>
    </drawable>
    <drawable>
        <name>digital2.xml</name>
        <arraytype>6</arraytype>
        <centerX>0</centerX>
        <centerY>-130</centerY>
    </drawable>
    <drawable>
        <name>digital3.xml</name>
        <arraytype>9</arraytype>
        <centerX>104</centerX>
        <centerY>-91</centerY>
    </drawable>
    <drawable>
        <name>digital4.xml</name>
        <arraytype>5</arraytype>
        <centerX>135</centerX>
        <centerY>-40</centerY>
    </drawable>
    <drawable>
        <name>digital5.xml</name>
        <arraytype>1</arraytype>
        <centerX>135</centerX>
        <centerY>-16</centerY>
    </drawable>
    <drawable>
        <name>image11.png</name>
    </drawable>
    <drawable>
        <rotate>3</rotate>
        <direction>1</direction>
        <mulrotate>1</mulrotate>
        <centerX>87</centerX>
        <centerY>83</centerY>
        <name>image12.png</name>
    </drawable>
    <drawable>
        <name>image13.png</name>
    </drawable>
    <drawable>
        <rotate>13</rotate>
        <rotatemode>6</rotatemode>
        <startAngle>0</startAngle>
        <angle>180</angle>
        <direction>1</direction>
        <mulrotate>1</mulrotate>
        <centerX>-103</centerX>
        <centerY>103</centerY>
        <name>image14.png</name>
    </drawable>
    <drawable>
        <name>image15.png</name>
    </drawable>
    <drawable>
        <arraytype>100</arraytype>
        <centerX>0</centerX>
        <centerY>155</centerY>
        <range>40</range>
        <cls>com.android.music.MusicBrowserActivity</cls>
        <pkg>com.android.music</pkg>
    </drawable>
</clockskin>
