<clockskin>
    <drawable>
        <name>image1.png</name>
    </drawable>
<drawable>
	<arraytype>100</arraytype>
	<centerX>0</centerX>
	<centerY>180</centerY>
	<range>40</range>
<cls>cz.shawn.antelli.activity.MainActivity</cls>
<pkg>cz.shawn.antelli</pkg>		
</drawable>
    <drawable>
        <name>digital1.xml</name>
        <arraytype>6</arraytype>
        <centerX>0</centerX>
        <centerY>-56</centerY>
    </drawable>
    <drawable>
        <name>digital2.xml</name>
        <arraytype>4</arraytype>
        <centerX>-119</centerX>
        <centerY>53</centerY>
    </drawable>
    <drawable>
        <name>digital3.xml</name>
        <arraytype>9</arraytype>
        <centerX>156</centerX>
        <centerY>-57</centerY>
    </drawable>
    <drawable>
        <name>digital4.xml</name>
        <arraytype>14</arraytype>
        <centerX>200</centerX>
        <centerY>-131</centerY>
    </drawable>
    <drawable>
        <name>digital5.xml</name>
        <arraytype>14</arraytype>
        <centerX>1000</centerX>
        <centerY>-131</centerY>
    </drawable>
    <drawable>
        <name>digital6.xml</name>
        <arraytype>5</arraytype>
        <centerX>46</centerX>
        <centerY>21</centerY>
    </drawable>
    <drawable>
        <name>digital7.xml</name>
        <arraytype>3</arraytype>
        <centerX>53</centerX>
        <centerY>79</centerY>
    </drawable>
    <drawable>
        <name>image2.png</name>
    </drawable>
    <drawable>
        <name>digital8.xml</name>
        <arraytype>12</arraytype>
        <centerX>80</centerX>
        <centerY>121</centerY>
    </drawable>
    <drawable>
        <name>digital9.xml</name>
        <arraytype>13</arraytype>
        <centerX>80</centerX>
        <centerY>139</centerY>
    </drawable>
</clockskin>
<!-- Created on WatchFace Designer 0.14.2 beta -->
<!-- Exported for Android 7.1+ Stock ClockSkin Engine -->
