<clockskin>
    <drawable>
        <name>image1.png</name>
    </drawable>
    <drawable>
        <name>image2.png</name>
        <rotate>3</rotate>
        <mulrotate>-1</mulrotate>
        <centerX>0</centerX>
        <centerY>-9</centerY>
    </drawable>
    <drawable>
        <name>image3.png</name>
    </drawable>
    <drawable>
        <name>digital1.xml</name>
        <arraytype>6</arraytype>
        <centerX>-9</centerX>
        <centerY>-57</centerY>
    </drawable>
    <drawable>
        <name>digital2.xml</name>
        <arraytype>9</arraytype>
        <centerX>55</centerX>
        <centerY>-53</centerY>
    </drawable>
    <drawable>
        <name>digital3.xml</name>
        <arraytype>3</arraytype>
        <centerX>-83</centerX>
        <centerY>110</centerY>
    </drawable>
    <drawable>
        <name>digital4.xml</name>
        <arraytype>16</arraytype>
        <centerX>-60</centerX>
        <centerY>129</centerY>
    </drawable>
    <drawable>
        <name>digital5.xml</name>
        <arraytype>4</arraytype>
        <centerX>-109</centerX>
        <centerY>81</centerY>
    </drawable>
    <drawable>
        <name>image4.png</name>
    </drawable>
    <drawable>
        <name>digital6.xml</name>
        <arraytype>14</arraytype>
        <centerX>-53</centerX>
        <centerY>83</centerY>
    </drawable>
    <drawable>
        <name>digital7.xml</name>
        <arraytype>10</arraytype>
        <centerX>60</centerX>
        <centerY>57</centerY>
    </drawable>
    <drawable>
        <name>digital8.xml</name>
        <arraytype>11</arraytype>
        <centerX>82</centerX>
        <centerY>103</centerY>
    </drawable>
    <drawable>
        <name>image5.png</name>
    </drawable>
    <drawable>
        <name>image6.png</name>
        <rotate>1</rotate>
        <mulrotate>1</mulrotate>
    </drawable>
    <drawable>
        <name>image7.png</name>
        <rotate>2</rotate>
        <mulrotate>1</mulrotate>
    </drawable>
    <drawable>
        <name>image8.png</name>
        <rotate>3</rotate>
        <mulrotate>1</mulrotate>
    </drawable>
</clockskin>
