<clockskin>
    <drawable>
        <name>image1.png</name>
    </drawable>
 <drawable>
        <name>image6.png</name>
    </drawable>
 <drawable>
        <name>image7.png</name>
    </drawable>
    <drawable>
        <name>digital1.xml</name>
        <arraytype>10</arraytype>
        <centerX>-107</centerX>
        <centerY>-40</centerY>
    </drawable>
    <drawable>
        <name>digital2.xml</name>
        <arraytype>6</arraytype>
        <centerX>-37</centerX>
        <centerY>87</centerY>
    </drawable>
    <drawable>
        <name>digital3.xml</name>
        <arraytype>9</arraytype>
        <centerX>76</centerX>
        <centerY>87</centerY>
    </drawable>
    <drawable>
        <name>digital4.xml</name>
        <arraytype>5</arraytype>
        <centerX>0</centerX>
        <centerY>-123</centerY>
    </drawable>
    <drawable>
        <name>digital5.xml</name>
        <arraytype>1</arraytype>
        <centerX>0</centerX>
        <centerY>-94</centerY>
    </drawable>
    <drawable>
        <name>digital6.xml</name>
        <arraytype>13</arraytype>
        <centerX>-70</centerX>
        <centerY>-5</centerY>
    </drawable>
    <drawable>
        <name>digital7.xml</name>
        <arraytype>12</arraytype>
        <centerX>-70</centerX>
        <centerY>25</centerY>
    </drawable>
    <drawable>
        <name>digital8.xml</name>
        <arraytype>11</arraytype>
        <centerX>-63</centerX>
        <centerY>-31</centerY>
    </drawable>
    <drawable>
        <name>digital9.xml</name>
        <arraytype>14</arraytype>
        <centerX>-4</centerX>
        <centerY>126</centerY>
    </drawable>
    <drawable>
        <rotate>6</rotate>
        <mulrotate>1</mulrotate>
        <name>image2.png</name>
    </drawable>
    <drawable>
        <rotate>1</rotate>
        <mulrotate>1</mulrotate>
        <name>image3.png</name>
    </drawable>
    <drawable>
        <rotate>2</rotate>
        <mulrotate>1</mulrotate>
        <name>image4.png</name>
    </drawable>
    <drawable>
        <rotate>3</rotate>
        <mulrotate>1</mulrotate>
        <name>image5.png</name>
    </drawable>

<!--1 Music at music-->
    <drawable>
	<arraytype>100</arraytype>
	<centerX>-90</centerX>
	<centerY>-150</centerY>
	<range>30</range>	<cls>com.android.music.MusicBrowserActivity</cls>
	<pkg>com.android.music</pkg>
    </drawable>

<!--2 Recorder at Microphone-->
    <drawable>
	<arraytype>100</arraytype>
	<centerX>90</centerX>
	<centerY>-150</centerY>
	<range>30</range>
<cls>com.android.soundrecorder.SoundRecorder</cls>
	<pkg>com.android.soundrecorder</pkg>
  </drawable>

<!--3 Heartrate at Heart icon-->
    <drawable>
	<arraytype>100</arraytype>
	<centerX>-70</centerX>
	<centerY>-5</centerY>
	<range>25</range>	<cls>com.cenon.heartrate.HeartRateMonitorActivity</cls>
	<pkg>com.cenon.heartrate</pkg>
    </drawable>

<!--4 Contacts at Phone-->
    <drawable>
	<arraytype>100</arraytype>
	<centerX>145</centerX>
	<centerY>-85</centerY>
	<range>30</range>
	<cls>com.android.dialer.DialtactsWearActivity</cls>
	<pkg>com.android.dialer</pkg>
    </drawable>

<!--5 Camera at Camera-->
    <drawable>
	<arraytype>100</arraytype>
	<centerX>145</centerX>
	<centerY>85</centerY>
	<range>30</range>
	<cls>com.android.camera.CameraLauncher</cls>
	<pkg>com.mediatek.camera</pkg>
    </drawable>

<!--6 Maps at Thor-->
    <drawable>
	<arraytype>100</arraytype>
	<centerX>80</centerX>
	<centerY>150</centerY>
	<range>30</range>
	<cls>com.google.android.maps.MapsActivity</cls>
    <pkg>com.google.android.apps.maps</pkg>
    </drawable>

<!--7  Google at G-->
    <drawable>
	<arraytype>100</arraytype>
	<centerX>-88</centerX>
	<centerY>155</centerY>
	<range>30</range>	<cls>com.google.android.googlequicksearchbox.VoiceSearchActivity</cls>	<pkg>com.google.android.googlequicksearchbox</pkg>
    </drawable>

<!--8 Weather at weather-->
    <drawable>
	<arraytype>100</arraytype>
	<centerX>-107</centerX>
	<centerY>-40</centerY>
	<range>30</range>
	<cls>com.android.watchweather.WeatherActivity</cls>
	<pkg>com.android.watchweather</pkg>
    </drawable>

	<!--9 Battery at battery ->
    <drawable>
	<arraytype>100</arraytype>
	<centerX>-4</centerX>
	<centerY>90</centerY>
	<range>30</range>
	<cls>com.android.settings.Settings$PowerUsageSummaryActivity</cls>
	<pkg>com.android.settings</pkg>
    </drawable>

	<!--10 X player on 10 o'clock->
<drawable>
		<arraytype>100</arraytype>
		<centerX>-130</centerX>
		<centerY>-100</centerY>
		<range>40</range>	<cls>com.inshot.xplayer.activities.SplashActivity</cls>
	<pkg>video.player.videoplayer</pkg>
    </drawable>

<!--11  Fitness at step-->
    	<drawable>
		<arraytype>100</arraytype>
		<centerX>-70</centerX>
		<centerY>25</centerY>
		<range>30</range>	       <cls>com.wiite.sportstrackapp.MainActivity</cls>
		<pkg>com.sprots.wiiteer.fitness</pkg>
	</drawable>

<!-- 12 Calculator at 9 o'clck touch-->
    <drawable>
	<arraytype>100</arraytype>
	<centerX>-180</centerX>
	<centerY>0</centerY>
	<range>30</range>	<cls>com.android.calculator2.Calculator</cls>
		<pkg>com.google.android.calculator</pkg>
	</drawable>

<!--13 Contacts at 3o'clck touch-->
    <drawable>
	<arraytype>100</arraytype>
	<centerX>180</centerX>
	<centerY>0</centerY>
	<range>30</range>	<cls>com.android.contacts.activities.PeopleActivity</cls>
		<pkg>com.android.contacts</pkg>
	</drawable>

</clockskin>
