<clockskin>
    <drawable>
        <name>image1.png</name>
    </drawable>
    <drawable>
        <rotate>3</rotate>
        <mulrotate>1</mulrotate>
        <movement>4</movement>
        <name>image2.png</name>
    </drawable>
    <drawable>
        <name>animated_image_1.xml</name>
        <framerate>36.00000000000000</framerate>
        <centerX>1</centerX>
        <centerY>0</centerY>
        <rotate>3</rotate>
        <mulrotate>1</mulrotate>
    </drawable>
    <drawable>
        <name>digital1.xml</name>
        <arraytype>19</arraytype>
        <centerX>1</centerX>
        <centerY>-3</centerY>
    </drawable>
    <drawable>
        <name>animated_image_2.xml</name>
        <framerate>5.00000000000000</framerate>
        <centerX>0</centerX>
        <centerY>-31</centerY>
    </drawable>
    <drawable>
        <name>image3.png</name>
    </drawable>
    <drawable>
        <name>digital2.xml</name>
        <arraytype>6</arraytype>
        <centerX>0</centerX>
        <centerY>109</centerY>
    </drawable>
</clockskin>
