<?xml version="1.0" encoding="utf-8"?>
<clockskin>
	<drawable>
		<name>clock.png</name>
	</drawable>
	<drawable>
		<name>cb.png</name>
	</drawable>
	<drawable>
		<name>c1.png</name>
		<centerY>62</centerY>
	</drawable>
	<drawable>
		<name>c2.png</name>
		<centerX>-83</centerX>
		<centerY>62</centerY>
	</drawable>
	<drawable>
		<name>c3.png</name>
		<centerX>83</centerX>
		<centerY>62</centerY>
	</drawable>
	<drawable>
		<name>heart.png</name>
		<centerX>-83</centerX>
		<centerY>47</centerY>
	</drawable>
	<drawable>
		<name>clock10_steps.png</name>
		<centerY>47</centerY>
	</drawable>
	<drawable>
		<arraytype>15</arraytype>
	</drawable>
	<drawable>
		<name>steps.xml</name>
		<arraytype>12</arraytype>
		<centerY>75</centerY>
	</drawable>
	<drawable>
		<name>heart.xml</name>
		<arraytype>13</arraytype>
		<centerX>-83</centerX>
		<centerY>78</centerY>
	</drawable>
	<drawable>
		<name>weather_array.xml</name>
		<arraytype>10</arraytype>
		<centerX>83</centerX>
		<centerY>47</centerY>
	</drawable>
	<drawable>
		<name>weaehr_temp.xml</name>
		<arraytype>11</arraytype>
		<centerX>86</centerX>
		<centerY>82</centerY>
	</drawable>
	<drawable>
		<name>MK.png</name>
		<centerY>-95</centerY>
	</drawable>
	<drawable>
		<name>11p.png</name>
		<rotate>6</rotate>
		<startAngle>-360</startAngle>
		<mulrotate>2</mulrotate>
	</drawable>
	<drawable>
		<name>battery_array.xml</name>
		<arraytype>14</arraytype>
	</drawable>
	<drawable>
		<name>time.xml</name>
		<arraytype>6</arraytype>
		<centerY>-37</centerY>
	</drawable>
<!--COMMENTED BY ClockSkinMaker
<metadata gui='rra' version='1.6.0.0'/>
-->
</clockskin>