<?xml version="1.0" encoding="utf-8"?>
<clockskin>
	<drawable>
		<name>blink.png</name>
		<rotate>3</rotate>
		<mulrotate>4</mulrotate>
	</drawable>
	<drawable>
		<name>grund.png</name>
	</drawable>
	<drawable>
		<name>santa.png</name>
	</drawable>
	<drawable>
		<name>schrift.png</name>
	</drawable>
	<drawable>
		<name>rahmen.png</name>
	</drawable>
	<drawable>
		<name>zeit.xml</name>
		<arraytype>6</arraytype>
		<centerX>88</centerX>
		<centerY>-29</centerY>
	</drawable>
<!--COMMENTED BY ClockSkinMaker
<metadata gui='rra' version='1.4.0.0'/>
-->
</clockskin>