<clockskin>
    <drawable>
        <name>image1.png</name>
    </drawable>
    <drawable>
        <name>digital1.xml</name>
        <arraytype>6</arraytype>
        <centerX>0</centerX>
        <centerY>-56</centerY>
    </drawable>
    <drawable>
        <name>digital2.xml</name>
        <arraytype>4</arraytype>
        <centerX>-130</centerX>
        <centerY>46</centerY>
    </drawable>
    <drawable>
        <name>digital3.xml</name>
        <arraytype>9</arraytype>
        <centerX>153</centerX>
        <centerY>-18</centerY>
    </drawable>
    <drawable>
        <name>digital4.xml</name>
        <arraytype>14</arraytype>
        <centerX>400</centerX>
        <centerY>-131</centerY>
    </drawable>
    <drawable>
        <name>digital5.xml</name>
        <arraytype>14</arraytype>
        <centerX>800</centerX>
        <centerY>-131</centerY>
    </drawable>
    <drawable>
        <name>digital6.xml</name>
        <arraytype>5</arraytype>
        <centerX>46</centerX>
        <centerY>21</centerY>
    </drawable>
    <drawable>
        <name>digital7.xml</name>
        <arraytype>5</arraytype>
        <centerX>44</centerX>
        <centerY>99</centerY>
    </drawable>
    <drawable>
        <name>image2.png</name>
    </drawable>
    <drawable>
        <name>digital8.xml</name>
        <arraytype>3</arraytype>
        <centerX>0</centerX>
        <centerY>154</centerY>
    </drawable>
    <drawable>
        <name>digital9.xml</name>
        <arraytype>12</arraytype>
        <centerX>-58</centerX>
        <centerY>142</centerY>
    </drawable>
    <drawable>
        <name>digital10.xml</name>
        <arraytype>13</arraytype>
        <centerX>58</centerX>
        <centerY>142</centerY>
    </drawable>
</clockskin>
<!-- Created on WatchFace Designer 0.14.2 beta -->
<!-- Exported for Android 7.1+ Stock ClockSkin Engine -->
