<clockskin>
    <drawable>
        <name>image1.png</name>
    </drawable>
    <drawable>
        <name>digital1.xml</name>
        <arraytype>5</arraytype>
        <centerX>3</centerX>
        <centerY>-95</centerY>
    </drawable>
    <drawable>
        <name>digital2.xml</name>
        <arraytype>9</arraytype>
        <framerate>45.00000000000000</framerate>
        <centerX>0</centerX>
        <centerY>110</centerY>
    </drawable>
    <drawable>
        <name repeat="60000">animated_image_11.xml</name>
        <framerate>45.00000000000000</framerate>
        <centerX>-35</centerX>
        <centerY>110</centerY>
    </drawable>
    <drawable>
        <name>digital3.xml</name>
        <arraytype>7</arraytype>
        <framerate>45.00000000000000</framerate>
        <centerX>-86</centerX>
        <centerY>-5</centerY>
    </drawable>
    <drawable>
        <name repeat="43200000">animated_image_22.xml</name>
        <framerate>45.00000000000000</framerate>
        <centerX>-122</centerX>
        <centerY>-5</centerY>
    </drawable>
    <drawable>
        <name repeat="43200000">animated_image_23.xml</name>
        <framerate>45.00000000000000</framerate>
        <centerX>-51</centerX>
        <centerY>-5</centerY>
    </drawable>
    <drawable>
        <name>digital4.xml</name>
        <arraytype>8</arraytype>
        <framerate>45.00000000000000</framerate>
        <centerX>86</centerX>
        <centerY>-5</centerY>
    </drawable>
    <drawable>
        <name repeat="3600000">animated_image_34.xml</name>
        <framerate>45.00000000000000</framerate>
        <centerX>51</centerX>
        <centerY>-5</centerY>
    </drawable>
    <drawable>
        <name>digital5.xml</name>
        <arraytype>2</arraytype>
        <centerX>0</centerX>
        <centerY>-145</centerY>
    </drawable>
</clockskin>
