<?xml version="1.0" encoding="utf-8"?>
<drawables>
     <name repeat="0">animated_image_24.xml</name>
     <name repeat="0">animated_image_25.xml</name>
     <name repeat="0">animated_image_26.xml</name>
     <name repeat="0">animated_image_27.xml</name>
     <name repeat="0">animated_image_28.xml</name>
     <name repeat="0">animated_image_29.xml</name>
     <name repeat="0">animated_image_30.xml</name>
     <name repeat="0">animated_image_31.xml</name>
     <name repeat="0">animated_image_32.xml</name>
     <name repeat="0">animated_image_33.xml</name>
</drawables>
