<?xml version="1.0" encoding="utf-8"?>
<clockskin>
	<drawable>
		<name>grund.png</name>
	</drawable>
	<drawable>
		<name>std.xml</name>
		<arraytype>7</arraytype>
		<centerX>-73</centerX>
		<centerY>-15</centerY>
	</drawable>
	<drawable>
		<name>min.xml</name>
		<arraytype>8</arraytype>
		<centerX>-73</centerX>
		<centerY>-15</centerY>
	</drawable>
	<drawable>
		<name>filter.xml</name>
		<arraytype>9</arraytype>
		<centerX>-200</centerX>
	</drawable>
	<drawable>
		<name>blende.png</name>
		<centerX>114</centerX>
		<centerY>-65</centerY>
	</drawable>
	<drawable>
		<name>mon.xml</name>
		<arraytype>3</arraytype>
		<centerX>104</centerX>
		<centerY>-65</centerY>
	</drawable>
	<drawable>
		<name>year_3.xml</name>
		<arraytype>16</arraytype>
		<centerX>113</centerX>
		<centerY>-70</centerY>
	</drawable>
	<drawable>
		<name>year.xml</name>
		<arraytype>16</arraytype>
		<centerX>-287</centerX>
		<centerY>-80</centerY>
	</drawable>
	<drawable>
		<name>day.xml</name>
		<arraytype>4</arraytype>
		<centerX>17</centerX>
		<centerY>120</centerY>
	</drawable>
<!--COMMENTED BY ClockSkinMaker
<metadata gui='rra' version='1.4.0.0'/>
-->
</clockskin>