<?xml version="1.0" encoding="utf-8"?>
<clockskin>
	<drawable>
		<name>battery_background.png</name>
	</drawable>
	<drawable>
		<name>battery.xml</name>
		<arraytype>14</arraytype>
		<centerX>4</centerX>
		<centerY>109</centerY>
	</drawable>
	<drawable>
		<name>background.png</name>
	</drawable>
	<drawable>
		<name>hour.xml</name>
		<arraytype>6</arraytype>
		<centerX>-43</centerX>
	</drawable>
	<drawable>
		<name>second1.xml</name>
		<arraytype>9</arraytype>
		<centerX>308</centerX>
		<centerY>-33</centerY>
	</drawable>
	<drawable>
		<name>second2.xml</name>
		<arraytype>9</arraytype>
		<centerX>-250</centerX>
		<centerY>30</centerY>
	</drawable>
	<drawable>
		<name>date.xml</name>
		<arraytype>2</arraytype>
		<centerX>47</centerX>
		<centerY>-114</centerY>
	</drawable>
	<drawable>
		<name>weekday.xml</name>
		<arraytype>5</arraytype>
		<centerX>-54</centerX>
		<centerY>-114</centerY>
	</drawable>
	<drawable>
		<name>temperature.xml</name>
		<arraytype>11</arraytype>
		<centerX>30</centerX>
		<centerY>115</centerY>
	</drawable>
<!--COMMENTED BY ClockSkinMaker
<metadata gui='rra' version='2.0.0.2'/>
-->
</clockskin>