<?xml version="1.0" encoding="utf-8"?>
<drawables>
     <image>animation_1_0.png</image>
     <image>animation_1_0.png</image>
     <image>animation_1_0.png</image>
     <image>animation_1_0.png</image>
     <image>animation_1_0.png</image>
     <image>animation_1_0.png</image>
     <image>animation_1_6.png</image>
     <image>animation_1_7.png</image>
     <image>animation_1_8.png</image>
     <image>animation_1_9.png</image>
     <image>animation_1_9.png</image>
     <image>animation_1_9.png</image>
     <image>animation_1_9.png</image>
     <image>animation_1_9.png</image>
     <image>animation_1_9.png</image>
     <image>animation_1_15.png</image>
     <image>animation_1_15.png</image>
     <image>animation_1_15.png</image>
     <image>animation_1_15.png</image>
     <image>animation_1_15.png</image>
     <image>animation_1_15.png</image>
     <image>animation_1_21.png</image>
     <image>animation_1_22.png</image>
     <image>animation_1_23.png</image>
     <image>animation_1_24.png</image>
     <image>animation_1_24.png</image>
     <image>animation_1_24.png</image>
     <image>animation_1_24.png</image>
     <image>animation_1_24.png</image>
     <image>animation_1_24.png</image>
     <image>animation_1_0.png</image>
     <image>animation_1_0.png</image>
     <image>animation_1_0.png</image>
     <image>animation_1_0.png</image>
     <image>animation_1_0.png</image>
     <image>animation_1_0.png</image>
     <image>animation_1_6.png</image>
     <image>animation_1_7.png</image>
     <image>animation_1_8.png</image>
     <image>animation_1_9.png</image>
     <image>animation_1_9.png</image>
     <image>animation_1_9.png</image>
     <image>animation_1_9.png</image>
     <image>animation_1_9.png</image>
     <image>animation_1_9.png</image>
     <image>animation_1_45.png</image>
     <image>animation_1_45.png</image>
     <image>animation_1_45.png</image>
     <image>animation_1_45.png</image>
     <image>animation_1_45.png</image>
     <image>animation_1_45.png</image>
     <image>animation_1_51.png</image>
     <image>animation_1_52.png</image>
     <image>animation_1_53.png</image>
     <image>animation_1_54.png</image>
     <image>animation_1_54.png</image>
     <image>animation_1_54.png</image>
     <image>animation_1_54.png</image>
     <image>animation_1_54.png</image>
     <image>animation_1_54.png</image>
     <image>animation_1_60.png</image>
     <image>animation_1_60.png</image>
     <image>animation_1_60.png</image>
     <image>animation_1_60.png</image>
     <image>animation_1_60.png</image>
     <image>animation_1_60.png</image>
     <image>animation_1_66.png</image>
     <image>animation_1_67.png</image>
     <image>animation_1_68.png</image>
     <image>animation_1_69.png</image>
     <image>animation_1_69.png</image>
     <image>animation_1_69.png</image>
     <image>animation_1_69.png</image>
     <image>animation_1_69.png</image>
     <image>animation_1_69.png</image>
     <image>animation_1_75.png</image>
     <image>animation_1_75.png</image>
     <image>animation_1_75.png</image>
     <image>animation_1_75.png</image>
     <image>animation_1_75.png</image>
     <image>animation_1_75.png</image>
     <image>animation_1_81.png</image>
     <image>animation_1_82.png</image>
     <image>animation_1_83.png</image>
     <image>animation_1_84.png</image>
     <image>animation_1_84.png</image>
     <image>animation_1_84.png</image>
     <image>animation_1_84.png</image>
     <image>animation_1_84.png</image>
     <image>animation_1_84.png</image>
     <image>animation_1_90.png</image>
     <image>animation_1_90.png</image>
     <image>animation_1_90.png</image>
     <image>animation_1_90.png</image>
     <image>animation_1_90.png</image>
     <image>animation_1_90.png</image>
     <image>animation_1_96.png</image>
     <image>animation_1_97.png</image>
     <image>animation_1_98.png</image>
     <image>animation_1_99.png</image>
     <image>animation_1_99.png</image>
     <image>animation_1_99.png</image>
     <image>animation_1_99.png</image>
     <image>animation_1_99.png</image>
     <image>animation_1_99.png</image>
     <image>animation_1_54.png</image>
     <image>animation_1_54.png</image>
     <image>animation_1_54.png</image>
     <image>animation_1_54.png</image>
     <image>animation_1_54.png</image>
     <image>animation_1_54.png</image>
     <image>animation_1_111.png</image>
     <image>animation_1_112.png</image>
     <image>animation_1_113.png</image>
     <image>animation_1_114.png</image>
     <image>animation_1_114.png</image>
     <image>animation_1_114.png</image>
     <image>animation_1_114.png</image>
     <image>animation_1_114.png</image>
     <image>animation_1_114.png</image>
     <image>animation_1_120.png</image>
     <image>animation_1_120.png</image>
     <image>animation_1_120.png</image>
     <image>animation_1_120.png</image>
     <image>animation_1_120.png</image>
     <image>animation_1_120.png</image>
     <image>animation_1_126.png</image>
     <image>animation_1_127.png</image>
     <image>animation_1_128.png</image>
     <image>animation_1_129.png</image>
     <image>animation_1_129.png</image>
     <image>animation_1_129.png</image>
     <image>animation_1_129.png</image>
     <image>animation_1_129.png</image>
     <image>animation_1_129.png</image>
     <image>animation_1_84.png</image>
     <image>animation_1_84.png</image>
     <image>animation_1_84.png</image>
     <image>animation_1_84.png</image>
     <image>animation_1_84.png</image>
     <image>animation_1_84.png</image>
     <image>animation_1_141.png</image>
     <image>animation_1_142.png</image>
     <image>animation_1_143.png</image>
     <image>animation_1_144.png</image>
     <image>animation_1_144.png</image>
     <image>animation_1_144.png</image>
     <image>animation_1_144.png</image>
     <image>animation_1_144.png</image>
     <image>animation_1_144.png</image>
     <image>animation_1_99.png</image>
     <image>animation_1_99.png</image>
     <image>animation_1_99.png</image>
     <image>animation_1_99.png</image>
     <image>animation_1_99.png</image>
     <image>animation_1_99.png</image>
     <image>animation_1_156.png</image>
     <image>animation_1_157.png</image>
     <image>animation_1_158.png</image>
     <image>animation_1_159.png</image>
     <image>animation_1_159.png</image>
     <image>animation_1_159.png</image>
     <image>animation_1_159.png</image>
     <image>animation_1_159.png</image>
     <image>animation_1_159.png</image>
     <image>animation_1_15.png</image>
     <image>animation_1_15.png</image>
     <image>animation_1_15.png</image>
     <image>animation_1_15.png</image>
     <image>animation_1_15.png</image>
     <image>animation_1_15.png</image>
     <image>animation_1_21.png</image>
     <image>animation_1_22.png</image>
     <image>animation_1_23.png</image>
     <image>animation_1_24.png</image>
     <image>animation_1_24.png</image>
     <image>animation_1_24.png</image>
     <image>animation_1_24.png</image>
     <image>animation_1_24.png</image>
     <image>animation_1_24.png</image>
</drawables>
