<?xml version="1.0" encoding="utf-8"?>
<clockskin>
	<drawable>
		<name>spirale.png</name>
		<rotate>3</rotate>
		<centerX>170</centerX>
		<centerY>-100</centerY>
		<mulrotate>6</mulrotate>
	</drawable>
	<drawable>
		<name>flagge.png</name>
		<rotate>3</rotate>
		<centerX>-50</centerX>
		<centerY>-18</centerY>
		<mulrotate>-6</mulrotate>
	</drawable>
	<drawable>
		<name>grund.png</name>
	</drawable>
	<drawable>
		<name>stunde.png</name>
		<rotate>1</rotate>
		<centerX>46</centerX>
		<centerY>-84</centerY>
	</drawable>
	<drawable>
		<name>minute.png</name>
		<rotate>2</rotate>
		<centerX>46</centerX>
		<centerY>-84</centerY>
	</drawable>
<!--COMMENTED BY ClockSkinMaker
<metadata gui='rra' version='1.4.0.0'/>
-->
</clockskin>