<clockskin>
    <drawable>
        <name>image1.png</name>
    </drawable>
    <drawable>
        <name>digital1.xml</name>
        <arraytype>8</arraytype>
        <centerX>0</centerX>
        <centerY>58</centerY>
    </drawable>
    <drawable>
        <name>digital2.xml</name>
        <arraytype>7</arraytype>
        <centerX>0</centerX>
        <centerY>-80</centerY>
    </drawable>
    <drawable>
        <name>digital3.xml</name>
        <arraytype>12</arraytype>
        <centerX>-923</centerX>
        <centerY>-69</centerY>
    </drawable>
    <drawable>
        <name>digital4.xml</name>
        <arraytype>12</arraytype>
        <centerX>-523</centerX>
        <centerY>-34</centerY>
    </drawable>
    <drawable>
        <name>digital5.xml</name>
        <arraytype>12</arraytype>
        <centerX>-123</centerX>
        <centerY>0</centerY>
    </drawable>
    <drawable>
        <name>digital6.xml</name>
        <arraytype>12</arraytype>
        <centerX>277</centerX>
        <centerY>35</centerY>
    </drawable>
    <drawable>
        <name>digital7.xml</name>
        <arraytype>12</arraytype>
        <centerX>677</centerX>
        <centerY>70</centerY>
    </drawable>
    <drawable>
        <name>digital8.xml</name>
        <arraytype>14</arraytype>
        <centerX>145</centerX>
        <centerY>1</centerY>
    </drawable>
</clockskin>
