<clockskin>
    <drawable>
        <name>image1.png</name>
    </drawable>
    <drawable>
        <name>digital1.xml</name>
        <arraytype>2</arraytype>
        <centerX>0</centerX>
        <centerY>-70</centerY>
    </drawable>
    <drawable>
        <name>digital2.xml</name>
        <arraytype>6</arraytype>
    </drawable>
    <drawable>
        <name>digital3.xml</name>
        <arraytype>12</arraytype>
        <centerX>0</centerX>
        <centerY>70</centerY>
    </drawable>
    <drawable>
        <name>digital4.xml</name>
        <arraytype>61</arraytype>
        <centerX>-150</centerX>
        <centerY>0</centerY>
    </drawable>
    <drawable>
        <name>image2.png</name>
    </drawable>
    <drawable>
        <arraytype>100</arraytype>
        <centerX>0</centerX>
        <centerY>-150</centerY>
        <range>50</range>
        <cls>net.sourceforge.opencamera.MainActivity</cls>
        <pkg>net.sourceforge.opencamera</pkg>
    </drawable>
    <drawable>
        <arraytype>100</arraytype>
        <centerX>100</centerX>
        <centerY>-100</centerY>
        <range>40</range>
        <cls>com.google.vr.apps.ornament.app.lens.LensLauncherActivity</cls>
        <pkg>com.google.ar.lens</pkg>
    </drawable>
    <drawable>
        <name>image3.png</name>
    </drawable>
    <drawable>
        <arraytype>100</arraytype>
        <centerX>150</centerX>
        <centerY>0</centerY>
        <range>50</range>
        <cls>com.google.android.apps.googleassistant.AssistantActivity</cls>
        <pkg>com.google.android.apps.googleassistant</pkg>
    </drawable>
    <drawable>
        <name>image4.png</name>
    </drawable>
    <drawable>
        <arraytype>100</arraytype>
        <centerX>100</centerX>
        <centerY>100</centerY>
        <range>40</range>
        <cls>com.termux.app.TermuxActivity</cls>
        <pkg>com.termux</pkg>
    </drawable>
    <drawable>
        <arraytype>100</arraytype>
        <centerX>0</centerX>
        <centerY>150</centerY>
        <range>50</range>
        <cls>longwell.instant.camera.common.InstantCameraActivity</cls>
        <pkg>longwell.instant.camera</pkg>
    </drawable>
    <drawable>
        <name>image5.png</name>
    </drawable>
    <drawable>
        <arraytype>100</arraytype>
        <centerX>-100</centerX>
        <centerY>100</centerY>
        <range>50</range>
        <cls>com.google.android.maps.MapsActivity</cls>
        <pkg>com.google.android.apps.maps</pkg>
    </drawable>
    <drawable>
        <name>image6.png</name>
    </drawable>
    <drawable>
        <arraytype>100</arraytype>
        <centerX>-100</centerX>
        <centerY>-100</centerY>
        <range>40</range>
        <cls>se.brokenbrain.drawer.Drawer</cls>
        <pkg>se.brokenbrain.drawer</pkg>
    </drawable>
    <drawable>
        <name>image7.png</name>
    </drawable>
</clockskin>
<!-- Created on WatchFace Designer 0.14.2 beta -->
<!-- Exported for Android 7.1+ Stock ClockSkin Engine -->
