<clockskin>
    <drawable>
        <name>image1.png</name>
    </drawable>
    <drawable>
        <color>1</color>
        <name>animated_image_1.xml</name>
        <arraytype>62</arraytype>
    </drawable>
    <drawable>
        <color>2</color>
        <name>animated_image_2.xml</name>
        <arraytype>62</arraytype>
        <centerX>5</centerX>
        <centerY>-32</centerY>
    </drawable>
    <drawable>
        <name>image2.png</name>
    </drawable>
    <drawable>
        <name>digital1.xml</name>
        <arraytype>6</arraytype>
        <centerX>0</centerX>
        <centerY>90</centerY>
    </drawable>
    <drawable>
        <name>digital2.xml</name>
        <arraytype>2</arraytype>
        <centerX>31</centerX>
        <centerY>138</centerY>
    </drawable>
    <drawable>
        <name>digital3.xml</name>
        <arraytype>5</arraytype>
        <centerX>-33</centerX>
        <centerY>140</centerY>
    </drawable>
    <drawable>
        <name>digital4.xml</name>
        <arraytype>14</arraytype>
        <centerX>103</centerX>
        <centerY>72</centerY>
    </drawable>
    <drawable>
        <name>image3.png</name>
    </drawable>
</clockskin>
<!-- Created on WatchFace Designer 0.14.2 beta. -->
<!-- Exported for Universal Launcher -->
