<?xml version="1.0" encoding="utf-8"?>
<clockskin>
	<drawable>
		<name>moire-pattern-curved-linesr50.png</name>
		<rotate>3</rotate>
		<mulrotate>-2</mulrotate>
	</drawable>
	<drawable>
		<name>moire-pattern-curved-linesnegative50.png</name>
		<rotate>3</rotate>
		<mulrotate>-3</mulrotate>
	</drawable>
	<drawable>
		<name>moire-pattern-curved-linesr50.png</name>
		<rotate>3</rotate>
		<mulrotate>-5</mulrotate>
	</drawable>
	<drawable>
		<name>moire-pattern-curved-linesb50.png</name>
		<rotate>3</rotate>
		<mulrotate>-4</mulrotate>
	</drawable>
	<drawable>
		<name>moire-pattern-curved-lines_1.png</name>
		<rotate>3</rotate>
		<mulrotate>-1</mulrotate>
	</drawable>
	<drawable>
		<name>moire-pattern-curved-lines_1.png</name>
		<rotate>1</rotate>
	</drawable>
	<drawable>
		<name>.img17922.png</name>
	</drawable>
	<drawable>
		<name>clock_dial.png</name>
	</drawable>
	<drawable>
		<name>clock_skin_hour.png</name>
		<rotate>1</rotate>
	</drawable>
	<drawable>
		<name>clock_skin_minute.png</name>
		<rotate>2</rotate>
	</drawable>
	<drawable>
		<name>clock_skin_second.png</name>
		<rotate>3</rotate>
	</drawable>
<!--COMMENTED BY ClockSkinMaker
<metadata gui='rra' version='1.2.0.0'/>
-->
</clockskin>