<?xml version="1.0" encoding="utf-8"?>
<clockskin>
	<drawable>
		<name>moire-pattern-curved-linesr50.png</name>
		<rotate>3</rotate>
		<angle>270</angle>
		<direction>1</direction>
		<mulrotate>-4</mulrotate>
	</drawable>
	<drawable>
		<name>moire-pattern-curved-linesnegative50.png</name>
		<rotate>3</rotate>
		<direction>2</direction>
		<mulrotate>-6</mulrotate>
	</drawable>
	<drawable>
		<name>moire-pattern-curved-linesb50.png</name>
		<rotate>3</rotate>
		<direction>1</direction>
		<mulrotate>-8</mulrotate>
	</drawable>
	<drawable>
		<name>moire-pattern-curved-lines_1.png</name>
		<rotate>3</rotate>
		<angle>89</angle>
		<direction>2</direction>
		<mulrotate>-10</mulrotate>
	</drawable>
	<drawable>
		<name>.img17922.png</name>
	</drawable>
	<drawable>
		<name>clock_dial.png</name>
	</drawable>
	<drawable>
		<name>clock_skin_hour.png</name>
		<rotate>1</rotate>
	</drawable>
	<drawable>
		<name>clock_skin_minute.png</name>
		<rotate>2</rotate>
	</drawable>
	<drawable>
		<name>clock_skin_second.png</name>
		<rotate>3</rotate>
	</drawable>
<!--COMMENTED BY ClockSkinMaker
<metadata gui='rra' version='1.2.0.0'/>
-->
</clockskin>