<?xml version="1.0" encoding="utf-8"?>
<clockskin>  
    <drawable>
        <rotate>13</rotate>
        <rotatemode>3</rotatemode>
        <startAngle>0</startAngle>
        <angle>350</angle>
        <direction>1</direction>
        <mulrotate>-2</mulrotate>
        <centerX>0</centerX>
        <centerY>0</centerY>
        <name>image9.png</name>
    </drawable> 
     <drawable>
        <rotate>13</rotate>
        <rotatemode>1</rotatemode>
        <startAngle>0</startAngle>
        <angle>350</angle>
        <direction>1</direction>
        <mulrotate>-2</mulrotate>
        <centerX>0</centerX>
        <centerY>0</centerY>
        <name>image7.png</name>
    </drawable>
	 <drawable>
        <rotate>13</rotate>
        <rotatemode>2</rotatemode>
        <startAngle>0</startAngle>
        <angle>350</angle>
        <direction>1</direction>
        <mulrotate>-2</mulrotate>
        <centerX>0</centerX>
        <centerY>0</centerY>
        <name>image8.png</name>
    </drawable> 
	<drawable>
		<name>9.png</name>
	</drawable>
        <drawable>
		<name>OUT.xml</name>
		<arraytype>80</arraytype>        
	</drawable>  
        <drawable>
		<name>digital8.xml</name>
		<arraytype>12</arraytype>
		<centerX>400</centerX>
	</drawable> 
	<drawable>
		<name>digital14.xml</name>
		<arraytype>61</arraytype>
	</drawable>
	<drawable>
		<name>MATVEYAN2.png</name>
	</drawable>
	<drawable>
		<name>digital5.xml</name>
		<arraytype>6</arraytype>
		<centerX>65</centerX>
		<centerY>-3</centerY>
	</drawable>
	<drawable>
		<name>digital10_1.xml</name>
		<arraytype>12</arraytype>
		<centerX>88</centerX>
		<centerY>-97</centerY>
	</drawable>
	<drawable>
		<name>bat.xml</name>
		<arraytype>14</arraytype>
		<centerX>108</centerX>
		<centerY>107</centerY>
	</drawable>
	<drawable>
		<name>digital1.xml</name>
		<arraytype>10</arraytype>
		<centerX>-15</centerX>
		<centerY>88</centerY>
	</drawable>
	<drawable>
		<name>temp.xml</name>
		<arraytype>11</arraytype>
		<centerX>21</centerX>
		<centerY>108</centerY>
	</drawable>
	<drawable>
		<name>digital10_2_1.xml</name>
		<arraytype>2</arraytype>
		<centerX>12</centerX>
		<centerY>37</centerY>
	</drawable>
	<drawable>
		<name>ted.xml</name>
		<arraytype>5</arraytype>
		<centerX>118</centerX>
		<centerY>41</centerY>
	</drawable>
	<drawable>
		<name>digital10.xml</name>
		<arraytype>60</arraytype>
		<centerX>63</centerX>
		<centerY>-140</centerY>
	</drawable>
	<drawable>
		<name>digital10_2.xml</name>
		<arraytype>13</arraytype>
		<centerX>60</centerX>
		<centerY>138</centerY>
	</drawable> 
      <drawable>
        <arraytype>100</arraytype>
        <centerX>81</centerX>
        <centerY>-81</centerY>
        <range>90</range>
        <cls>com.sprots.wiiteer.fitness.module.main.ui.MainActivity</cls>
        <pkg>com.sprots.wiiteer.fitness</pkg>
    </drawable>    
    <drawable>
        <arraytype>100</arraytype>
        <centerX>51</centerX>
        <centerY>141</centerY>
        <range>40</range>
        <cls>com.wiite.wiite_heartrate.MainActivity</cls>
        <pkg>com.wiite.wiite_heartrate</pkg>
    </drawable>  
     <drawable>
        <arraytype>100</arraytype>
        <centerX>0</centerX>
        <centerY>91</centerY>
        <range>90</range>
        <cls>com.android.watchweather.MainNewActivity</cls>
        <pkg>com.android.watchweather</pkg>
    </drawable>
<!--COMMENTED BY ClockSkinMaker
<metadata gui='rra' version='2.0.0.2'/>
-->
</clockskin>