<?xml version="1.0" encoding="utf-8"?>
<drawables>
	<image>ted_sun.png</image>
	<image>ted_mon.png</image>
	<image>ted_tue.png</image>
	<image>ted_wed.png</image>
	<image>ted_thu.png</image>
	<image>ted_fri.png</image>
	<image>ted_sat.png</image>
<!--COMMENTED BY ClockSkinMaker
<metadata gui='rra' version='2.0.0.2' type='array_weekday' forecolor='C0C0C0' autoscale='1' font='Arial Narrow' fontstyle='Bold' fontsize='17,10468'>
<content>NEDELJA</content>
<content>PONDELJ</content>
<content>TOREK</content>
<content>SREDA</content>
<content>ČETRTEK</content>
<content>PETEK</content>
<content>SOBOTA</content>
</metadata>
-->
</drawables>