<clockskin>
    <drawable>
        <name>image1.png</name>
    </drawable>
    <drawable>
        <name>digital1.xml</name>
        <arraytype>14</arraytype>
        <centerX>-52</centerX>
        <centerY>80</centerY>
    </drawable>
    <drawable>
        <name>digital2.xml</name>
        <arraytype>2</arraytype>
        <centerX>-55</centerX>
        <centerY>-70</centerY>
    </drawable>
    <drawable>
        <name>digital3.xml</name>
        <arraytype>6</arraytype>
        <centerX>50</centerX>
        <centerY>-70</centerY>
    </drawable>
    <drawable>
        <name>digital4.xml</name>
        <arraytype>12</arraytype>
        <centerX>40</centerX>
        <centerY>80</centerY>
    </drawable>
    <drawable>
        <name>image2.png</name>
    </drawable>
    <drawable>
        <arraytype>100</arraytype>
        <centerX>0</centerX>
        <centerY>-165</centerY>
        <range>40</range>
        <cls>net.sourceforge.opencamera.MainActivity</cls>
        <pkg>net.sourceforge.opencamera</pkg>
    </drawable>
    <drawable>
        <arraytype>100</arraytype>
        <centerX>70</centerX>
        <centerY>-130</centerY>
        <range>40</range>
        <cls>com.google.vr.apps.ornament.app.lens.LensLauncherActivity</cls>
        <pkg>com.google.ar.lens</pkg>
    </drawable>
    <drawable>
        <name>image3.png</name>
    </drawable>
    <drawable>
        <arraytype>100</arraytype>
        <centerX>130</centerX>
        <centerY>-70</centerY>
        <range>40</range>
        <cls>com.google.android.apps.googleassistant.AssistantActivity</cls>
        <pkg>com.google.android.apps.googleassistant</pkg>
    </drawable>
    <drawable>
        <name>image4.png</name>
    </drawable>
    <drawable>
        <arraytype>100</arraytype>
        <centerX>160</centerX>
        <centerY>5</centerY>
        <range>40</range>
        <cls>com.termux.app.TermuxActivity</cls>
        <pkg>com.termux</pkg>
    </drawable>
    <drawable>
        <arraytype>100</arraytype>
        <centerX>135</centerX>
        <centerY>85</centerY>
        <range>40</range>
        <cls>longwell.instant.camera.common.InstantCameraActivity</cls>
        <pkg>longwell.instant.camera</pkg>
    </drawable>
    <drawable>
        <name>image5.png</name>
    </drawable>
    <drawable>
        <arraytype>100</arraytype>
        <centerX>80</centerX>
        <centerY>140</centerY>
        <range>40</range>
        <cls>se.brokenbrain.drawer.Drawer</cls>
        <pkg>se.brokenbrain.drawer</pkg>
    </drawable>
    <drawable>
        <name>image6.png</name>
    </drawable>
    <drawable>
        <arraytype>100</arraytype>
        <centerX>0</centerX>
        <centerY>160</centerY>
        <range>40</range>
        <cls>com.wiite.wear.dy.recorder.activity.MainActivity</cls>
        <pkg>com.wiite.wear.dy.recorder</pkg>
    </drawable>
    <drawable>
        <name>image7.png</name>
    </drawable>
    <drawable>
        <arraytype>100</arraytype>
        <centerX>-80</centerX>
        <centerY>140</centerY>
        <range>40</range>
        <cls>net.dinglisch.android.taskerm.Kid</cls>
        <pkg>openyesterday.johnsidi.com</pkg>
    </drawable>
    <drawable>
        <name>image8.png</name>
    </drawable>
    <drawable>
        <arraytype>100</arraytype>
        <centerX>-130</centerX>
        <centerY>80</centerY>
        <range>40</range>
        <cls>net.dinglisch.android.taskerm.Kid</cls>
        <pkg>openyesterdayii.johnsidi.com</pkg>
    </drawable>
    <drawable>
        <name>image9.png</name>
    </drawable>
    <drawable>
        <arraytype>100</arraytype>
        <centerX>-165</centerX>
        <centerY>0</centerY>
        <range>40</range>
        <cls>net.dinglisch.android.taskerm.Kid</cls>
        <pkg>opentomorrowii.johnsidi.com</pkg>
    </drawable>
    <drawable>
        <name>image10.png</name>
    </drawable>
    <drawable>
        <arraytype>100</arraytype>
        <centerX>-130</centerX>
        <centerY>-80</centerY>
        <range>40</range>
        <cls>net.dinglisch.android.taskerm.Kid</cls>
        <pkg>opentodayii.johnsidi.com</pkg>
    </drawable>
    <drawable>
        <name>image11.png</name>
    </drawable>
    <drawable>
        <arraytype>100</arraytype>
        <centerX>-75</centerX>
        <centerY>-140</centerY>
        <range>40</range>
        <cls>net.dinglisch.android.taskerm.Kid</cls>
        <pkg>opentoday.johnsidi.com</pkg>
    </drawable>
    <drawable>
        <name>image12.png</name>
    </drawable>
    <drawable>
        <arraytype>100</arraytype>
        <centerX>-80</centerX>
        <centerY>0</centerY>
        <range>40</range>
        <cls>net.dinglisch.android.taskerm.Kid</cls>
        <pkg>newtasktomii.johnsidi.com</pkg>
    </drawable>
    <drawable>
        <name>image13.png</name>
    </drawable>
    <drawable>
        <arraytype>100</arraytype>
        <range>40</range>
        <cls>net.dinglisch.android.taskerm.Kid</cls>
        <pkg>addnote.johnsidi.com</pkg>
    </drawable>
    <drawable>
        <name>image14.png</name>
    </drawable>
    <drawable>
        <arraytype>100</arraytype>
        <centerX>80</centerX>
        <centerY>0</centerY>
        <range>40</range>
        <cls>net.dinglisch.android.taskerm.Kid</cls>
        <pkg>opennote.johnsidi.com</pkg>
    </drawable>
    <drawable>
        <name>image15.png</name>
    </drawable>
    <drawable>
        <arraytype>100</arraytype>
        <centerX>-60</centerX>
        <centerY>-70</centerY>
        <range>30</range>
        <cls></cls>
        <pkg></pkg>
    </drawable>
    <drawable>
        <arraytype>100</arraytype>
        <centerX>-30</centerX>
        <centerY>-70</centerY>
        <range>30</range>
        <cls></cls>
        <pkg></pkg>
    </drawable>
    <drawable>
        <arraytype>100</arraytype>
        <centerX>30</centerX>
        <centerY>-70</centerY>
        <range>30</range>
        <cls>com.android.deskclock.DeskClock</cls>
        <pkg>com.google.android.deskclock</pkg>
    </drawable>
    <drawable>
        <arraytype>100</arraytype>
        <centerX>65</centerX>
        <centerY>-70</centerY>
        <range>30</range>
        <cls>com.android.deskclock.DeskClock</cls>
        <pkg>com.google.android.deskclock</pkg>
    </drawable>
    <drawable>
        <arraytype>100</arraytype>
        <centerX>-50</centerX>
        <centerY>75</centerY>
        <range>40</range>
        <cls></cls>
        <pkg></pkg>
    </drawable>
    <drawable>
        <arraytype>100</arraytype>
        <centerX>25</centerX>
        <centerY>75</centerY>
        <range>40</range>
        <cls></cls>
        <pkg></pkg>
    </drawable>
    <drawable>
        <arraytype>100</arraytype>
        <centerX>75</centerX>
        <centerY>75</centerY>
        <range>25</range>
        <cls></cls>
        <pkg></pkg>
    </drawable>
</clockskin>
<!-- Created on WatchFace Designer 0.14.2 beta -->
<!-- Exported for Android 7.1+ Stock ClockSkin Engine -->
