<?xml version="1.0" encoding="utf-8"?>
<clockskin>
	<drawable>
		<name>blatt.png</name>
	</drawable>
	<drawable>
		<name>ws_sec.png</name>
		<rotate>3</rotate>
		<centerX>-86</centerX>
		<centerY>9</centerY>
		<direction>1</direction>
		<mulrotate>2</mulrotate>
	</drawable>
	<drawable>
		<name>ws_min.png</name>
		<rotate>2</rotate>
		<centerX>86</centerX>
		<centerY>9</centerY>
	</drawable>
	<drawable>
		<name>ws_std.png</name>
		<rotate>1</rotate>
		<centerX>2</centerX>
		<centerY>88</centerY>
	</drawable>
	<drawable>
		<name>komplikationen.png</name>
	</drawable>
	<drawable>
		<name>ws_sec_d.png</name>
		<rotate>3</rotate>
		<centerX>-86</centerX>
		<centerY>9</centerY>
		<mulrotate>2</mulrotate>
	</drawable>
	<drawable>
		<name>ws_min_d.png</name>
		<rotate>2</rotate>
		<centerX>86</centerX>
		<centerY>9</centerY>
	</drawable>
	<drawable>
		<name>ws_std_d.png</name>
		<rotate>1</rotate>
		<centerX>2</centerX>
		<centerY>88</centerY>
	</drawable>
	<drawable>
		<name>z_min_s.png</name>
		<rotate>2</rotate>
		<centerX>2</centerX>
		<centerY>2</centerY>
	</drawable>
	<drawable>
		<name>z_min.png</name>
		<rotate>2</rotate>
	</drawable>
	<drawable>
		<name>z_std_s.png</name>
		<rotate>1</rotate>
		<centerX>2</centerX>
		<centerY>2</centerY>
	</drawable>
	<drawable>
		<name>z_std.png</name>
		<rotate>1</rotate>
	</drawable>
	<drawable>
		<name>z_sec_s.png</name>
		<rotate>3</rotate>
		<centerX>2</centerX>
		<centerY>2</centerY>
	</drawable>
	<drawable>
		<name>z_sec.png</name>
		<rotate>3</rotate>
	</drawable>
<!--COMMENTED BY ClockSkinMaker
<metadata gui='rra' version='1.4.0.0'/>
-->
</clockskin>