<clockskin>
    <drawable>
        <name>image1.png</name>
    </drawable>
    <drawable>
        <color>1</color>
        <name>animated_image_1.xml</name>
        <arraytype>62</arraytype>
        <centerX>0</centerX>
        <centerY>15</centerY>
    </drawable>
    <drawable>
        <name>image2.png</name>
    </drawable>
    <drawable>
        <name>digital1.xml</name>
        <arraytype>5</arraytype>
        <centerX>-60</centerX>
        <centerY>140</centerY>
    </drawable>
    <drawable>
        <name>digital2.xml</name>
        <arraytype>2</arraytype>
        <centerX>50</centerX>
        <centerY>140</centerY>
    </drawable>
    <drawable>
        <name>image3.png</name>
    </drawable>
    <drawable>
        <rotate>1</rotate>
        <direction>1</direction>
        <mulrotate>1</mulrotate>
        <centerX>0</centerX>
        <centerY>-140</centerY>
        <name>image4.png</name>
    </drawable>
    <drawable>
        <rotate>2</rotate>
        <direction>1</direction>
        <mulrotate>1</mulrotate>
        <centerX>0</centerX>
        <centerY>-140</centerY>
        <name>image5.png</name>
    </drawable>
    <drawable>
        <rotate>3</rotate>
        <direction>1</direction>
        <mulrotate>1</mulrotate>
        <centerX>0</centerX>
        <centerY>-140</centerY>
        <name>image6.png</name>
    </drawable>
    <drawable>
        <name>image7.png</name>
    </drawable>
    <drawable>
        <name>digital3.xml</name>
        <arraytype>14</arraytype>
        <centerX>0</centerX>
        <centerY>176</centerY>
    </drawable>
</clockskin>
<!-- Created on WatchFace Designer 0.14.2 beta -->
<!-- Exported for Android 7.1+ Stock ClockSkin Engine -->
