<clockskin>
    <drawable>
        <name>image1.png</name>
    </drawable>
    <drawable>
        <name>digital1.xml</name>
        <arraytype>7</arraytype>
        <centerX>-74</centerX>
        <centerY>94</centerY>
    </drawable>
    <drawable>
        <name>digital2.xml</name>
        <arraytype>8</arraytype>
        <centerX>0</centerX>
        <centerY>94</centerY>
    </drawable>
    <drawable>
        <name>digital3.xml</name>
        <arraytype>9</arraytype>
        <centerX>74</centerX>
        <centerY>94</centerY>
    </drawable>
    <drawable>
        <name>image2.png</name>
    </drawable>
    <drawable>
        <name>digital4.xml</name>
        <arraytype>5</arraytype>
        <centerX>-84</centerX>
        <centerY>0</centerY>
    </drawable>
    <drawable>
        <name>digital5.xml</name>
        <arraytype>3</arraytype>
        <centerX>-56</centerX>
        <centerY>-88</centerY>
    </drawable>
    <drawable>
        <name>digital6.xml</name>
        <arraytype>4</arraytype>
        <centerX>72</centerX>
        <centerY>-88</centerY>
    </drawable>
    <drawable>
        <rotate>1</rotate>
        <direction>1</direction>
        <mulrotate>1</mulrotate>
        <centerX>3</centerX>
        <centerY>3</centerY>
        <name>image3.png</name>
    </drawable>
    <drawable>
        <rotate>1</rotate>
        <direction>1</direction>
        <mulrotate>1</mulrotate>
        <centerX>-1</centerX>
        <centerY>-1</centerY>
        <name>image4.png</name>
    </drawable>
    <drawable>
        <rotate>1</rotate>
        <direction>1</direction>
        <mulrotate>1</mulrotate>
        <name>image5.png</name>
    </drawable>
    <drawable>
        <rotate>2</rotate>
        <direction>1</direction>
        <mulrotate>1</mulrotate>
        <centerX>3</centerX>
        <centerY>3</centerY>
        <name>image6.png</name>
    </drawable>
    <drawable>
        <rotate>2</rotate>
        <direction>1</direction>
        <mulrotate>1</mulrotate>
        <centerX>-1</centerX>
        <centerY>-1</centerY>
        <name>image7.png</name>
    </drawable>
    <drawable>
        <rotate>2</rotate>
        <direction>1</direction>
        <mulrotate>1</mulrotate>
        <name>image8.png</name>
    </drawable>
    <drawable>
        <rotate>3</rotate>
        <direction>1</direction>
        <mulrotate>1</mulrotate>
        <centerX>3</centerX>
        <centerY>3</centerY>
        <name>image9.png</name>
    </drawable>
    <drawable>
        <rotate>3</rotate>
        <direction>1</direction>
        <mulrotate>1</mulrotate>
        <centerX>-1</centerX>
        <centerY>-1</centerY>
        <name>image10.png</name>
    </drawable>
    <drawable>
        <rotate>3</rotate>
        <direction>1</direction>
        <mulrotate>1</mulrotate>
        <name>image11.png</name>
    </drawable>
</clockskin>
<!-- Created on WatchFace Designer 0.14.2 beta -->
<!-- Exported for Android 7.1+ Stock ClockSkin Engine -->
