<clockskin>
    <drawable>
        <name>image1.png</name>
    </drawable>
<drawable>
<arraytype>100</arraytype>
<centerX>-89</centerX>
<centerY>108</centerY>
<range>40</range>
<cls>com.artostolab.voicedialer.feature.splashscreen.SplashActivity</cls>
<pkg>com.artostolab.voicedialer</pkg>
</drawable>

<drawable>
<arraytype>100</arraytype>
<centerX>-89</centerX>
<centerY>-108</centerY>
<range>40</range>
<cls>de.stocard.ui.main.InitActivity</cls>
<pkg>de.stocard.stocard</pkg>
</drawable>

<drawable>
<arraytype>100</arraytype>
<centerX>89</centerX>
<centerY>108</centerY>
<range>40</range>
<cls>ak.alizandro.smartaudiobookplayer.PlayerActivity</cls>
<pkg>ak.alizandro.smartaudiobookplayer</pkg>
</drawable>

<drawable>
<arraytype>100</arraytype>
<centerX>89</centerX>
<centerY>-108</centerY>
<range>40</range>
<cls>com.wiite.mycalender.MainActivity</cls>
	<pkg>com.wiite.mycalender</pkg>
</drawable>

<drawable>
	<arraytype>100</arraytype>
	<centerX>180</centerX>
	<centerY>0</centerY>
	<range>40</range>
<cls>com.android.camera.CameraLauncher</cls>
<pkg>com.wiite.camera</pkg>	
	
</drawable>
    <drawable>
        <name>digital1.xml</name>
        <arraytype>14</arraytype>
        <centerX>473</centerX>
        <centerY>-2</centerY>
    </drawable>
    <drawable>
        <name>digital2.xml</name>
        <arraytype>14</arraytype>
        <centerX>873</centerX>
        <centerY>-2</centerY>
    </drawable>
    <drawable>
        <name>digital3.xml</name>
        <arraytype>9</arraytype>
        <centerX>-82</centerX>
        <centerY>56</centerY>
    </drawable>
    <drawable>
        <name>digital4.xml</name>
        <arraytype>4</arraytype>
        <centerX>147</centerX>
        <centerY>-30</centerY>
    </drawable>
    <drawable>
        <name>image2.png</name>
    </drawable>
    <drawable>
        <name>digital5.xml</name>
        <arraytype>3</arraytype>
        <centerX>-130</centerX>
        <centerY>44</centerY>
    </drawable>
    <drawable>
        <name>digital6.xml</name>
        <arraytype>5</arraytype>
        <centerX>-95</centerX>
        <centerY>76</centerY>
    </drawable>
    <drawable>
        <name>image3.png</name>
    </drawable>
    <drawable>
        <rotate>1</rotate>
        <direction>1</direction>
        <mulrotate>1</mulrotate>
        <name>image4.png</name>
    </drawable>
    <drawable>
        <rotate>2</rotate>
        <direction>1</direction>
        <mulrotate>1</mulrotate>
        <name>image5.png</name>
    </drawable>
    <drawable>
        <name>image6.png</name>
    </drawable>
</clockskin>
<!-- Created on WatchFace Designer 0.14.2 beta -->
<!-- Exported for Android 7.1+ Stock ClockSkin Engine -->
