<?xml version="1.0" encoding="utf-8"?>
<clockskin>
	<drawable>
		<name>image1.png</name>
	</drawable>
	<drawable>
		<name>digital1.xml</name>
		<arraytype>14</arraytype>
		<centerX>191</centerX>
		<centerY>168</centerY>
	</drawable>
	<drawable>
		<name>image2.png</name>
	</drawable>
	<drawable>
		<name>image3.png</name>
		<rotate>3</rotate>
		<centerX>-185</centerX>
		<centerY>-6</centerY>
		<mulrotate>150</mulrotate>
	</drawable>
	<drawable>
		<name>digital2.xml</name>
		<arraytype>5</arraytype>
		<centerX>5</centerX>
		<centerY>-149</centerY>
	</drawable>
	<drawable>
		<name>digital3.xml</name>
		<arraytype>2</arraytype>
		<centerX>5</centerX>
		<centerY>-120</centerY>
	</drawable>
	<drawable>
		<name>digital4.xml</name>
		<arraytype>7</arraytype>
		<centerX>-101</centerX>
		<centerY>-24</centerY>
	</drawable>
	<drawable>
		<name>digital5.xml</name>
		<arraytype>8</arraytype>
		<centerX>101</centerX>
		<centerY>-28</centerY>
	</drawable>
	<drawable>
		<name>image4.png</name>
	</drawable>
<!--COMMENTED BY ClockSkinMaker
<metadata gui='rra' version='1.4.0.0'/>
-->
</clockskin>