<clockskin>
    <drawable>
        <name>image1.png</name>
    </drawable>
    <drawable>
        <rotate>3</rotate>
        <mulrotate>1</mulrotate>
        <name>image2.png</name>
    </drawable>
    <drawable>
        <name>image3.png</name>
    </drawable>
    <drawable>
        <name>digital1.xml</name>
        <arraytype>8</arraytype>
        <centerX>-160</centerX>
        <centerY>-14</centerY>
    </drawable>
    <drawable>
        <name>digital2.xml</name>
        <arraytype>8</arraytype>
        <centerX>-166</centerX>
        <centerY>-14</centerY>
    </drawable>
    <drawable>
        <name>digital2.xml</name>
        <arraytype>8</arraytype>
        <centerX>477</centerX>
        <centerY>-15</centerY>
    </drawable>
    <drawable>
        <name>digital3.xml</name>
        <arraytype>8</arraytype>
        <centerX>-76</centerX>
        <centerY>78</centerY>
    </drawable>
    <drawable>
        <name>image4.png</name>
    </drawable>
    <drawable>
        <rotate>3</rotate>
        <mulrotate>1</mulrotate>
        <centerX>-86</centerX>
        <centerY>-12</centerY>
        <name>image5.png</name>
    </drawable>
    <drawable>
        <rotate>2</rotate>
        <mulrotate>1</mulrotate>
        <centerX>80</centerX>
        <centerY>-12</centerY>
        <name>image5.png</name>
    </drawable>
    <drawable>
        <rotate>5</rotate>
        <mulrotate>1</mulrotate>
        <centerX>0</centerX>
        <centerY>80</centerY>
        <name>image5.png</name>
    </drawable>
    <drawable>
        <rotate>3</rotate>
        <mulrotate>1</mulrotate>
        <centerX>-86</centerX>
        <centerY>-12</centerY>
        <name>image8.png</name>
    </drawable>
    <drawable>
        <rotate>2</rotate>
        <mulrotate>1</mulrotate>
        <centerX>80</centerX>
        <centerY>-12</centerY>
        <name>image8.png</name>
    </drawable>
    <drawable>
        <rotate>5</rotate>
        <mulrotate>1</mulrotate>
        <centerX>0</centerX>
        <centerY>79</centerY>
        <name>image8.png</name>
    </drawable>
    <drawable>
        <name>image11.png</name>
    </drawable>
    <drawable>
        <name>digital4.xml</name>
        <arraytype>4</arraytype>
        <centerX>-90</centerX>
        <centerY>-97</centerY>
    </drawable>
    <drawable>
        <name>digital5.xml</name>
        <arraytype>3</arraytype>
        <centerX>-56</centerX>
        <centerY>-96</centerY>
    </drawable>
    <drawable>
        <name>digital6.xml</name>
        <arraytype>14</arraytype>
        <centerX>56</centerX>
        <centerY>-96</centerY>
    </drawable>
    <drawable>
        <name>digital7.xml</name>
        <arraytype>7</arraytype>
        <centerX>0</centerX>
        <centerY>-82</centerY>
    </drawable>
    <drawable>
        <name>digital8.xml</name>
        <arraytype>8</arraytype>
        <centerX>0</centerX>
        <centerY>-41</centerY>
    </drawable>
    <drawable>
        <name>digital9.xml</name>
        <arraytype>9</arraytype>
    </drawable>
    <drawable>
        <rotate>7</rotate>
        <direction>2</direction>
        <mulrotate>1</mulrotate>
        <name>image12.png</name>
    </drawable>
    <drawable>
        <rotate>3</rotate>
        <mulrotate>5</mulrotate>
        <centerX>158</centerX>
        <centerY>-13</centerY>
        <name>image13.png</name>
    </drawable>
    <drawable>
        <rotate>3</rotate>
        <mulrotate>5</mulrotate>
        <centerX>144</centerX>
        <centerY>1</centerY>
        <name>image13.png</name>
    </drawable>
    <drawable>
        <rotate>3</rotate>
        <mulrotate>5</mulrotate>
        <centerX>158</centerX>
        <centerY>12</centerY>
        <name>image13.png</name>
    </drawable>
    <drawable>
        <rotate>3</rotate>
        <mulrotate>5</mulrotate>
        <centerX>141</centerX>
        <centerY>23</centerY>
        <name>image13.png</name>
    </drawable>
    <drawable>
        <rotate>3</rotate>
        <mulrotate>5</mulrotate>
        <centerX>138</centerX>
        <centerY>-76</centerY>
        <name>image13.png</name>
    </drawable>
    <drawable>
        <rotate>3</rotate>
        <mulrotate>5</mulrotate>
        <centerX>117</centerX>
        <centerY>-77</centerY>
        <name>image13.png</name>
    </drawable>
    <drawable>
        <rotate>3</rotate>
        <mulrotate>5</mulrotate>
        <centerX>122</centerX>
        <centerY>-99</centerY>
        <name>image13.png</name>
    </drawable>
    <drawable>
        <rotate>3</rotate>
        <mulrotate>5</mulrotate>
        <centerX>100</centerX>
        <centerY>-123</centerY>
        <name>image13.png</name>
    </drawable>
    <drawable>
        <rotate>3</rotate>
        <mulrotate>5</mulrotate>
        <centerX>77</centerX>
        <centerY>-125</centerY>
        <name>image13.png</name>
    </drawable>
    <drawable>
        <rotate>3</rotate>
        <mulrotate>5</mulrotate>
        <centerX>63</centerX>
        <centerY>-143</centerY>
        <name>image13.png</name>
    </drawable>
    <drawable>
        <rotate>3</rotate>
        <mulrotate>5</mulrotate>
        <centerX>45</centerX>
        <centerY>-135</centerY>
        <name>image13.png</name>
    </drawable>
    <drawable>
        <rotate>3</rotate>
        <mulrotate>5</mulrotate>
        <centerX>35</centerX>
        <centerY>-153</centerY>
        <name>image13.png</name>
    </drawable>
    <drawable>
        <rotate>3</rotate>
        <mulrotate>5</mulrotate>
        <centerX>22</centerX>
        <centerY>-139</centerY>
        <name>image13.png</name>
    </drawable>
    <drawable>
        <rotate>3</rotate>
        <mulrotate>5</mulrotate>
        <centerX>-12</centerX>
        <centerY>-156</centerY>
        <name>image13.png</name>
    </drawable>
    <drawable>
        <rotate>3</rotate>
        <mulrotate>5</mulrotate>
        <centerX>-28</centerX>
        <centerY>-141</centerY>
        <name>image13.png</name>
    </drawable>
    <drawable>
        <rotate>3</rotate>
        <mulrotate>5</mulrotate>
        <centerX>-47</centerX>
        <centerY>-149</centerY>
        <name>image13.png</name>
    </drawable>
    <drawable>
        <rotate>3</rotate>
        <mulrotate>5</mulrotate>
        <centerX>-59</centerX>
        <centerY>-130</centerY>
        <name>image13.png</name>
    </drawable>
    <drawable>
        <rotate>3</rotate>
        <mulrotate>5</mulrotate>
        <centerX>-78</centerX>
        <centerY>-133</centerY>
        <name>image13.png</name>
    </drawable>
    <drawable>
        <rotate>3</rotate>
        <mulrotate>5</mulrotate>
        <centerX>-95</centerX>
        <centerY>-123</centerY>
        <name>image13.png</name>
    </drawable>
    <drawable>
        <rotate>3</rotate>
        <mulrotate>5</mulrotate>
        <centerX>-116</centerX>
        <centerY>-107</centerY>
        <name>image13.png</name>
    </drawable>
    <drawable>
        <rotate>3</rotate>
        <mulrotate>5</mulrotate>
        <centerX>-129</centerX>
        <centerY>-95</centerY>
        <name>image13.png</name>
    </drawable>
    <drawable>
        <rotate>3</rotate>
        <mulrotate>5</mulrotate>
        <centerX>-118</centerX>
        <centerY>-83</centerY>
        <name>image13.png</name>
    </drawable>
    <drawable>
        <rotate>3</rotate>
        <mulrotate>5</mulrotate>
        <centerX>-137</centerX>
        <centerY>-75</centerY>
        <name>image13.png</name>
    </drawable>
    <drawable>
        <rotate>3</rotate>
        <mulrotate>5</mulrotate>
        <centerX>-140</centerX>
        <centerY>-58</centerY>
        <name>image13.png</name>
    </drawable>
    <drawable>
        <rotate>3</rotate>
        <mulrotate>5</mulrotate>
        <centerX>-153</centerX>
        <centerY>-44</centerY>
        <name>image13.png</name>
    </drawable>
    <drawable>
        <rotate>3</rotate>
        <mulrotate>5</mulrotate>
        <centerX>-154</centerX>
        <centerY>-23</centerY>
        <name>image13.png</name>
    </drawable>
    <drawable>
        <rotate>3</rotate>
        <mulrotate>5</mulrotate>
        <centerX>-152</centerX>
        <centerY>-3</centerY>
        <name>image13.png</name>
    </drawable>
    <drawable>
        <rotate>3</rotate>
        <mulrotate>5</mulrotate>
        <centerX>-158</centerX>
        <centerY>15</centerY>
        <name>image13.png</name>
    </drawable>
    <drawable>
        <rotate>3</rotate>
        <mulrotate>5</mulrotate>
        <centerX>-142</centerX>
        <centerY>26</centerY>
        <name>image13.png</name>
    </drawable>
    <drawable>
        <rotate>3</rotate>
        <mulrotate>5</mulrotate>
        <centerX>-155</centerX>
        <centerY>41</centerY>
        <name>image13.png</name>
    </drawable>
    <drawable>
        <rotate>3</rotate>
        <mulrotate>5</mulrotate>
        <centerX>-134</centerX>
        <centerY>48</centerY>
        <name>image13.png</name>
    </drawable>
    <drawable>
        <rotate>3</rotate>
        <mulrotate>5</mulrotate>
        <centerX>-147</centerX>
        <centerY>61</centerY>
        <name>image13.png</name>
    </drawable>
    <drawable>
        <rotate>3</rotate>
        <mulrotate>5</mulrotate>
        <centerX>-126</centerX>
        <centerY>69</centerY>
        <name>image13.png</name>
    </drawable>
    <drawable>
        <rotate>3</rotate>
        <mulrotate>5</mulrotate>
        <centerX>-132</centerX>
        <centerY>86</centerY>
        <name>image13.png</name>
    </drawable>
    <drawable>
        <rotate>3</rotate>
        <mulrotate>5</mulrotate>
        <centerX>-112</centerX>
        <centerY>91</centerY>
        <name>image13.png</name>
    </drawable>
    <drawable>
        <rotate>3</rotate>
        <mulrotate>5</mulrotate>
        <centerX>-115</centerX>
        <centerY>107</centerY>
        <name>image13.png</name>
    </drawable>
    <drawable>
        <rotate>3</rotate>
        <mulrotate>5</mulrotate>
        <centerX>-96</centerX>
        <centerY>107</centerY>
        <name>image13.png</name>
    </drawable>
    <drawable>
        <rotate>3</rotate>
        <mulrotate>5</mulrotate>
        <centerX>-100</centerX>
        <centerY>123</centerY>
        <name>image13.png</name>
    </drawable>
    <drawable>
        <rotate>3</rotate>
        <mulrotate>5</mulrotate>
        <centerX>-78</centerX>
        <centerY>119</centerY>
        <name>image13.png</name>
    </drawable>
    <drawable>
        <rotate>3</rotate>
        <mulrotate>5</mulrotate>
        <centerX>-81</centerX>
        <centerY>136</centerY>
        <name>image13.png</name>
    </drawable>
    <drawable>
        <rotate>3</rotate>
        <mulrotate>5</mulrotate>
        <centerX>-58</centerX>
        <centerY>130</centerY>
        <name>image13.png</name>
    </drawable>
    <drawable>
        <rotate>3</rotate>
        <mulrotate>5</mulrotate>
        <centerX>-58</centerX>
        <centerY>147</centerY>
        <name>image13.png</name>
    </drawable>
    <drawable>
        <rotate>3</rotate>
        <mulrotate>5</mulrotate>
        <centerX>-38</centerX>
        <centerY>139</centerY>
        <name>image13.png</name>
    </drawable>
    <drawable>
        <rotate>3</rotate>
        <mulrotate>5</mulrotate>
        <centerX>-29</centerX>
        <centerY>154</centerY>
        <name>image13.png</name>
    </drawable>
    <drawable>
        <rotate>3</rotate>
        <mulrotate>5</mulrotate>
        <centerX>-13</centerX>
        <centerY>148</centerY>
        <name>image13.png</name>
    </drawable>
    <drawable>
        <rotate>3</rotate>
        <mulrotate>5</mulrotate>
        <centerX>4</centerX>
        <centerY>155</centerY>
        <name>image13.png</name>
    </drawable>
    <drawable>
        <rotate>3</rotate>
        <mulrotate>5</mulrotate>
        <centerX>14</centerX>
        <centerY>146</centerY>
        <name>image13.png</name>
    </drawable>
    <drawable>
        <rotate>3</rotate>
        <mulrotate>5</mulrotate>
        <centerX>26</centerX>
        <centerY>155</centerY>
        <name>image13.png</name>
    </drawable>
    <drawable>
        <rotate>3</rotate>
        <mulrotate>5</mulrotate>
        <centerX>32</centerX>
        <centerY>138</centerY>
        <name>image13.png</name>
    </drawable>
    <drawable>
        <rotate>3</rotate>
        <mulrotate>5</mulrotate>
        <centerX>44</centerX>
        <centerY>149</centerY>
        <name>image13.png</name>
    </drawable>
    <drawable>
        <rotate>3</rotate>
        <mulrotate>5</mulrotate>
        <centerX>49</centerX>
        <centerY>129</centerY>
        <name>image13.png</name>
    </drawable>
    <drawable>
        <rotate>3</rotate>
        <mulrotate>5</mulrotate>
        <centerX>62</centerX>
        <centerY>140</centerY>
        <name>image13.png</name>
    </drawable>
    <drawable>
        <rotate>3</rotate>
        <mulrotate>5</mulrotate>
        <centerX>68</centerX>
        <centerY>122</centerY>
        <name>image13.png</name>
    </drawable>
    <drawable>
        <rotate>3</rotate>
        <mulrotate>5</mulrotate>
        <centerX>80</centerX>
        <centerY>134</centerY>
        <name>image13.png</name>
    </drawable>
    <drawable>
        <rotate>3</rotate>
        <mulrotate>5</mulrotate>
        <centerX>88</centerX>
        <centerY>113</centerY>
        <name>image13.png</name>
    </drawable>
    <drawable>
        <rotate>3</rotate>
        <mulrotate>5</mulrotate>
        <centerX>105</centerX>
        <centerY>122</centerY>
        <name>image13.png</name>
    </drawable>
    <drawable>
        <rotate>3</rotate>
        <mulrotate>5</mulrotate>
        <centerX>105</centerX>
        <centerY>99</centerY>
        <name>image13.png</name>
    </drawable>
    <drawable>
        <rotate>3</rotate>
        <mulrotate>5</mulrotate>
        <centerX>110</centerX>
        <centerY>109</centerY>
        <name>image13.png</name>
    </drawable>
    <drawable>
        <rotate>3</rotate>
        <mulrotate>5</mulrotate>
        <centerX>124</centerX>
        <centerY>95</centerY>
        <name>image13.png</name>
    </drawable>
    <drawable>
        <rotate>3</rotate>
        <mulrotate>5</mulrotate>
        <centerX>137</centerX>
        <centerY>83</centerY>
        <name>image13.png</name>
    </drawable>
    <drawable>
        <rotate>3</rotate>
        <mulrotate>5</mulrotate>
        <centerX>146</centerX>
        <centerY>69</centerY>
        <name>image13.png</name>
    </drawable>
    <drawable>
        <rotate>3</rotate>
        <mulrotate>5</mulrotate>
        <centerX>153</centerX>
        <centerY>52</centerY>
        <name>image13.png</name>
    </drawable>
    <drawable>
        <rotate>3</rotate>
        <mulrotate>5</mulrotate>
        <centerX>157</centerX>
        <centerY>32</centerY>
        <name>image13.png</name>
    </drawable>
    <drawable>
        <rotate>3</rotate>
        <mulrotate>5</mulrotate>
        <centerX>140</centerX>
        <centerY>39</centerY>
        <name>image13.png</name>
    </drawable>
    <drawable>
        <rotate>3</rotate>
        <mulrotate>5</mulrotate>
        <centerX>131</centerX>
        <centerY>49</centerY>
        <name>image13.png</name>
    </drawable>
    <drawable>
        <rotate>3</rotate>
        <mulrotate>5</mulrotate>
        <centerX>126</centerX>
        <centerY>60</centerY>
        <name>image13.png</name>
    </drawable>
    <drawable>
        <rotate>3</rotate>
        <mulrotate>5</mulrotate>
        <centerX>116</centerX>
        <centerY>78</centerY>
        <name>image13.png</name>
    </drawable>
    <drawable>
        <rotate>3</rotate>
        <mulrotate>5</mulrotate>
        <centerX>13</centerX>
        <centerY>-157</centerY>
        <name>image13.png</name>
    </drawable>
    <drawable>
        <rotate>3</rotate>
        <mulrotate>5</mulrotate>
        <centerX>139</centerX>
        <centerY>-53</centerY>
        <name>image13.png</name>
    </drawable>
    <drawable>
        <rotate>3</rotate>
        <mulrotate>5</mulrotate>
        <centerX>152</centerX>
        <centerY>-35</centerY>
        <name>image13.png</name>
    </drawable>
    <drawable>
        <name>image83.png</name>
    </drawable>
    <drawable>
        <rotate>7</rotate>
        <mulrotate>1</mulrotate>
        <name>image84.png</name>
    </drawable>
</clockskin>
