<?xml version="1.0" encoding="utf-8"?>
<clockskin>
	<drawable>
		<name>clock_skin_panel.png</name>
		<centerX>-20</centerX>
		<rotate>3</rotate>
		<mulrotate>-10</mulrotate>
	</drawable>
	<drawable>
		<name>parallels.png</name>
		<rotate>3</rotate>
	</drawable>
	<drawable>
		<name>dot1.png</name>
		<rotate>3</rotate>
		<mulrotate>8</mulrotate>
	</drawable>
	<drawable>
		<name>dot2.png</name>
		<rotate>3</rotate>
		<mulrotate>12</mulrotate>
	</drawable>
	<drawable>
		<name>void.png</name>
		<rotate>2</rotate>
		<mulrotate>5</mulrotate>
	</drawable>
	<drawable>
		<name>img536_1.png</name>
		<rotate>2</rotate>
		<mulrotate>25</mulrotate>
	</drawable>
	<drawable>
		<name>img536_1.png</name>
		<rotate>2</rotate>
		<mulrotate>32</mulrotate>
	</drawable>
	<drawable>
		<name>tk.png</name>
		<centerX>80</centerX>
		<centerY>-80</centerY>
		<rotate>3</rotate>
		<mulrotate>60</mulrotate>
	</drawable>
	<drawable>
		<name>clock_skin_hud.png</name>
	</drawable>
	<drawable>
		<name>clock_skin_second_matte.png</name>
		<rotate>3</rotate>
		<mulrotate>10</mulrotate>
	</drawable>
	<drawable>
		<name>clock_skin_second.png</name>
		<rotate>3</rotate>
		<mulrotate>10</mulrotate>
	</drawable>
	<drawable>
		<name>day_array.xml</name>
		<arraytype>4</arraytype>
		<centerX>130</centerX>
	</drawable>
	<drawable>
		<name>battery_array.xml</name>
		<arraytype>14</arraytype>
		<centerX>-127</centerX>
	</drawable>
	<drawable>
		<name>top.png</name>
	</drawable>
	<drawable>
		<name>time_array.xml</name>
		<centerX>-50</centerX>
		<centerY>-70</centerY>
		<arraytype>6</arraytype>
	</drawable>
</clockskin>