<?xml version="1.0" encoding="utf-8"?>
<clockskin>
	<drawable>
		<name>.img411.png</name>
	</drawable>
	<drawable>
		<name>day.xml</name>
		<arraytype>4</arraytype>
		<centerX>107</centerX>
	</drawable>
	<drawable>
		<name>.img413.png</name>
		<rotate>1</rotate>
	</drawable>
	<drawable>
		<name>.img412.png</name>
		<rotate>2</rotate>
	</drawable>
	<drawable>
		<name>.img414.png</name>
		<rotate>3</rotate>
	</drawable>
<!--COMMENTED BY ClockSkinMaker
<metadata gui='rra' version='1.4.8.0'/>
-->
</clockskin>