<?xml version="1.0" encoding="UTF-8" standalone="no"?>
<clockskin>
<drawable>
<name>clock_skin_panel.png</name>
</drawable>
<drawable>
<name>clock_skin_lay1.png</name>
<rotate>3</rotate>
<mulrotate>2</mulrotate>
</drawable>
<drawable>
<name>clock_skin_lay2.png</name>
<rotate>2</rotate>
<mulrotate>4</mulrotate>
</drawable>
<drawable>
<name>clock_skin_hour.png</name>
<rotate>1</rotate>
</drawable>
<drawable>
<name>clock_skin_minute.png</name>
<rotate>2</rotate>
</drawable>
<drawable>
<name>clock_skin_second.png</name>
<rotate>3</rotate>
</drawable>
</clockskin>