<clockskin>
    <drawable>
        <name>animated_image_1.xml</name>
        <framerate>1.00000000000000</framerate>
    </drawable>
    <drawable>
        <name>digital1.xml</name>
        <arraytype>7</arraytype>
        <framerate>1.00000000000000</framerate>
        <centerX>-73</centerX>
        <centerY>-15</centerY>
    </drawable>
    <drawable>
        <name>digital2.xml</name>
        <arraytype>8</arraytype>
        <framerate>1.00000000000000</framerate>
        <centerX>-73</centerX>
        <centerY>-15</centerY>
    </drawable>
    <drawable>
        <name>image1.png</name>
    </drawable>
    <drawable>
        <name>digital3.xml</name>
        <arraytype>16</arraytype>
        <centerX>-482</centerX>
        <centerY>-77</centerY>
    </drawable>
    <drawable>
        <name>digital3.xml</name>
        <arraytype>16</arraytype>
        <centerX>-82</centerX>
        <centerY>-67</centerY>
    </drawable>
    <drawable>
        <name>digital3.xml</name>
        <arraytype>16</arraytype>
        <centerX>318</centerX>
        <centerY>-57</centerY>
    </drawable>
    <drawable>
        <name>digital3.xml</name>
        <arraytype>16</arraytype>
        <centerX>718</centerX>
        <centerY>-47</centerY>
    </drawable>
    <drawable>
        <name>digital4.xml</name>
        <arraytype>3</arraytype>
        <centerX>105</centerX>
        <centerY>-63</centerY>
    </drawable>
    <drawable>
        <name>digital5.xml</name>
        <arraytype>4</arraytype>
        <centerX>18</centerX>
        <centerY>120</centerY>
    </drawable>
</clockskin>
