<clockskin>
    <drawable>
        <name>image1.png</name>
    </drawable>
    <drawable>
        <name>digital1.xml</name>
        <arraytype>6</arraytype>
        <centerX>-54</centerX>
        <centerY>-13</centerY>
    </drawable>
    <drawable>
        <name>digital2.xml</name>
        <arraytype>14</arraytype>
        <centerX>-46</centerX>
        <centerY>-8</centerY>
    </drawable>
    <drawable>
        <name>digital3.xml</name>
        <arraytype>12</arraytype>
        <centerX>114</centerX>
        <centerY>-33</centerY>
    </drawable>
    <drawable>
        <name>digital4.xml</name>
        <arraytype>12</arraytype>
        <centerX>514</centerX>
        <centerY>-33</centerY>
    </drawable>
    <drawable>
        <name>digital5.xml</name>
        <arraytype>10</arraytype>
        <centerX>-149</centerX>
        <centerY>36</centerY>
    </drawable>
    <drawable>
        <name>digital6.xml</name>
        <arraytype>19</arraytype>
        <centerX>-49</centerX>
        <centerY>-102</centerY>
    </drawable>
    <drawable>
        <name>image2.png</name>
    </drawable>
    <drawable>
        <name>digital7.xml</name>
        <arraytype>54</arraytype>
        <centerX>72</centerX>
        <centerY>17</centerY>
    </drawable>
    <drawable>
        <name>image3.png</name>
    </drawable>
    <drawable>
        <name>digital8.xml</name>
        <arraytype>11</arraytype>
        <centerX>-91</centerX>
        <centerY>71</centerY>
    </drawable>
    <drawable>
        <name>image4.png</name>
    </drawable>
    <drawable>
        <name>digital9.xml</name>
        <arraytype>13</arraytype>
        <centerX>67</centerX>
        <centerY>45</centerY>
    </drawable>
    <drawable>
        <name>image5.png</name>
    </drawable>
    <drawable>
        <name>digital10.xml</name>
        <arraytype>12</arraytype>
        <centerX>77</centerX>
        <centerY>-56</centerY>
    </drawable>
    <drawable>
        <name>image6.png</name>
    </drawable>
    <drawable>
        <name>digital11.xml</name>
        <arraytype>60</arraytype>
        <centerX>156</centerX>
        <centerY>-54</centerY>
    </drawable>
    <drawable>
        <name>image7.png</name>
    </drawable>
    <drawable>
        <name>digital12.xml</name>
        <arraytype>3</arraytype>
        <centerX>-33</centerX>
        <centerY>-163</centerY>
    </drawable>
    <drawable>
        <name>digital13.xml</name>
        <arraytype>4</arraytype>
        <centerX>18</centerX>
        <centerY>-163</centerY>
    </drawable>
    <drawable>
        <name>image8.png</name>
    </drawable>
    <drawable>
        <name>digital14.xml</name>
        <arraytype>6</arraytype>
        <centerX>-103</centerX>
        <centerY>141</centerY>
    </drawable>
    <drawable>
        <name>image9.png</name>
    </drawable>
    <drawable>
        <name>digital15.xml</name>
        <arraytype>6</arraytype>
        <centerX>1</centerX>
        <centerY>141</centerY>
    </drawable>
    <drawable>
        <name>digital16.xml</name>
        <arraytype>9</arraytype>
        <centerX>109</centerX>
        <centerY>125</centerY>
    </drawable>
    <drawable>
        <name>image10.png</name>
    </drawable>
    <drawable>
        <arraytype>99</arraytype>
        <centerX>-149</centerX>
        <centerY>-33</centerY>
    </drawable>
    <drawable>
        <name>image11.png</name>
    </drawable>
    <drawable>
        <arraytype>100</arraytype>
        <centerX>-150</centerX>
        <centerY>36</centerY>
        <range>40</range>
        <cls>com.android.watchweather.WeatherActivity</cls>
	<pkg>com.android.watchweather</pkg>
    </drawable>
    <drawable>
        <arraytype>100</arraytype>
        <centerX>0</centerX>
        <centerY>140</centerY>
        <range>40</range>
        <cls>com.android.deskclock.DeskClock</cls>
        <pkg>com.android.deskclock</pkg>
    </drawable>
    <drawable>
        <arraytype>100</arraytype>
        <centerX>120</centerX>
        <centerY>-69</centerY>
        <range>40</range>
        <cls>com.sprots.wiiteer.fitness.module.main.ui.MainActivity</cls>
        <pkg>com.sprots.wiiteer.fitness</pkg>
    </drawable>
    <drawable>
        <arraytype>100</arraytype>
        <centerX>97</centerX>
        <centerY>41</centerY>
        <range>40</range>
        <cls>com.cenon.heartrate.HeartRateMonitorActivity</cls>
        <pkg>com.cenon.heartrate</pkg>
    </drawable>
    <drawable>
        <arraytype>100</arraytype>
        <centerX>0</centerX>
        <centerY>-159</centerY>
        <range>40</range>
        <cls>com.android.calendar.AllInOneActivity</cls>
	<pkg>com.android.calendar</pkg>
    </drawable>
    <drawable>
        <arraytype>100</arraytype>
        <centerX>-135</centerX>
        <centerY>-90</centerY>
        <range>40</range>
        <cls>com.ricktop.roundcalcNG.RoundCalc</cls>
        <pkg>com.ricktop.roundcalc</pkg>
    </drawable>
</clockskin>
<!-- Created on WatchFace Designer 0.14.2 beta -->
<!-- Exported for Android 7.1+ Stock ClockSkin Engine -->
