<?xml version="1.0" encoding="utf-8"?>
<clockskin>
   <drawable>
	<name>clock_skin_panel.png</name>
   </drawable>
   <drawable>
        <name>digital3.xml</name>
        <arraytype>14</arraytype>
        <centerX>2</centerX>
        <centerY>-129</centerY>
    </drawable>
    <drawable>
        <name>digital4.xml</name>
        <arraytype>1</arraytype>
        <centerX>0</centerX>
        <centerY>115</centerY>
    </drawable>  
    <drawable>
        <name>digital1.xml</name>
        <arraytype>7</arraytype>
        <centerX>-100</centerX>
        <centerY>0</centerY>
    </drawable>
    <drawable>
        <name>digital2.xml</name>
        <arraytype>8</arraytype>
        <centerX>29</centerX>
        <centerY>0</centerY>
    </drawable>
    <drawable>
        <name>digital7.xml</name>
        <arraytype>9</arraytype>
        <centerX>132</centerX>
        <centerY>15</centerY>
    </drawable>
    <drawable>
        <name>digital8.xml</name>
        <arraytype>6</arraytype>
        <centerX>-35</centerX>
        <centerY>-10</centerY>
    </drawable>  
      
</clockskin>
