<?xml version="1.0" encoding="utf-8"?>
<clockskin>
	<drawable>
		<name>clock_skin_panel.png</name>
	</drawable>
	<drawable>
		<name>array_batt.xml</name>
		<arraytype>14</arraytype>
		<centerX>-63</centerX>
		<centerY>47</centerY>
	</drawable>
	<drawable>
		<name>weather_array.xml</name>
		<arraytype>10</arraytype>
		<centerX>48</centerX>
		<centerY>42</centerY>
	</drawable>
	<drawable>
		<name>array_temp.xml</name>
		<arraytype>11</arraytype>
		<centerX>84</centerX>
		<centerY>43</centerY>
	</drawable>
	<drawable>
		<name>weekday.xml</name>
		<arraytype>5</arraytype>
		<centerY>-67</centerY>
	</drawable>
	<drawable>
		<name>monthday.xml</name>
		<arraytype>2</arraytype>
		<centerY>-44</centerY>
	</drawable>
	<drawable>
		<name>hour_hand.png</name>
		<rotate>1</rotate>
	</drawable>
	<drawable>
		<name>minute_hand.png</name>
		<rotate>2</rotate>
	</drawable>
	<drawable>
		<arraytype>99</arraytype>
		<centerX>-22</centerX>
		<centerY>116</centerY>
	</drawable>
<!--COMMENTED BY ClockSkinMaker
<metadata gui='rra' version='1.4.8.0'/>
-->
</clockskin>